eco_region_id	eco_region_name	year	loss_area_km2	loss_area_ha	pixel_count	forest_area_2000_km2
1	I01	2001	363.2023546463238	36320.23546463238	577.9490196078428	141729.72068521162
1	I01	2002	197.8873513205885	19788.73513205885	313.8941176470587	141729.72068521162
1	I01	2003	188.99946658088243	18899.946658088244	299.87058823529406	141729.72068521162
1	I01	2004	134.4194506093137	13441.945060931372	214.19215686274507	141729.72068521162
1	I01	2005	151.4880720642156	15148.80720642156	239.73725490196074	141729.72068521162
1	I01	2006	234.27623590833363	23427.623590833362	372.17647058823525	141729.72068521162
1	I01	2007	400.13486153848123	40013.48615384812	638.670588235294	141729.72068521162
1	I01	2008	357.9274786426474	35792.74786426474	570.1725490196076	141729.72068521162
1	I01	2009	253.47910452524536	25347.910452524535	405.53725490196075	141729.72068521162
1	I01	2010	243.63665685269606	24363.665685269607	386.9333333333334	141729.72068521162
1	I01	2011	113.85140842132355	11385.140842132356	182.15686274509807	141729.72068521162
1	I01	2012	226.9849543549021	22698.49543549021	361.16862745098024	141729.72068521162
1	I01	2013	398.6755223029411	39867.55223029411	635.5176470588234	141729.72068521162
1	I01	2014	293.29367144460787	29329.367144460786	466.5137254901962	141729.72068521162
1	I01	2015	259.81667508063725	25981.667508063725	415.29019607843134	141729.72068521162
1	I01	2016	327.35611386519577	32735.611386519577	523.9999999999999	141729.72068521162
1	I01	2017	270.5372954262257	27053.72954262257	427.4078431372549	141729.72068521162
1	I01	2018	160.30737525294123	16030.737525294122	252.51764705882354	141729.72068521162
1	I01	2019	141.62205614950983	14162.205614950983	224.36862745098037	141729.72068521162
1	I01	2020	203.68304855196098	20368.304855196096	324.99607843137255	141729.72068521162
2	I02	2001	335.00087640220596	33500.0876402206	510.2705882352941	87242.0197925028
2	I02	2002	478.2349107254897	47823.491072548975	724.8901960784315	87242.0197925028
2	I02	2003	448.7923618174021	44879.236181740205	682.729411764706	87242.0197925028
2	I02	2004	247.46064048848055	24746.064048848057	377.1176470588235	87242.0197925028
2	I02	2005	275.1323613710784	27513.23613710784	417.7019607843136	87242.0197925028
2	I02	2006	362.6550071544113	36265.50071544113	554.3960784313726	87242.0197925028
2	I02	2007	410.90963847475433	41090.96384747543	630.1843137254903	87242.0197925028
2	I02	2008	321.75231660245026	32175.231660245026	492.96078431372547	87242.0197925028
2	I02	2009	281.60387899901906	28160.387899901907	429.92549019607844	87242.0197925028
2	I02	2010	412.54784956985355	41254.78495698536	629.6313725490197	87242.0197925028
2	I02	2011	264.123139853676	26412.313985367597	402.0862745098039	87242.0197925028
2	I02	2012	299.0388561463235	29903.88561463235	455.992156862745	87242.0197925028
2	I02	2013	297.382578725245	29738.257872524504	450.1254901960784	87242.0197925028
2	I02	2014	406.81014147009813	40681.01414700981	618.9254901960785	87242.0197925028
2	I02	2015	416.6895416294117	41668.95416294117	637.3803921568625	87242.0197925028
2	I02	2016	413.8022901732847	41380.22901732847	633.8392156862745	87242.0197925028
2	I02	2017	458.5821156720592	45858.21156720592	695.2078431372548	87242.0197925028
2	I02	2018	392.7505443558825	39275.054435588245	591.7960784313726	87242.0197925028
2	I02	2019	332.1773945269606	33217.739452696056	503.8901960784314	87242.0197925028
2	I02	2020	312.43032745612743	31243.03274561274	476.1921568627451	87242.0197925028
3	I03	2001	211.58054981029397	21158.054981029396	307.8980392156863	21165.373451216066
3	I03	2002	352.9918905791668	35299.18905791668	514.2078431372549	21165.373451216066
3	I03	2003	461.8519058470591	46185.19058470591	676.2470588235294	21165.373451216066
3	I03	2004	560.627924905392	56062.7924905392	814.1058823529412	21165.373451216066
3	I03	2005	410.1417836509802	41014.17836509802	594.4823529411765	21165.373451216066
3	I03	2006	475.85515936004913	47585.515936004915	695.0156862745099	21165.373451216066
3	I03	2007	514.2058031004897	51420.580310048965	754.870588235294	21165.373451216066
3	I03	2008	360.58321242671553	36058.321242671555	527.7686274509804	21165.373451216066
3	I03	2009	200.2154987941177	20021.54987941177	291.9254901960785	21165.373451216066
3	I03	2010	268.65075367377466	26865.075367377467	391.54901960784315	21165.373451216066
3	I03	2011	307.9750794664216	30797.507946642163	447.73333333333335	21165.373451216066
3	I03	2012	366.7772819269606	36677.72819269606	534.7254901960783	21165.373451216066
3	I03	2013	295.0358873845589	29503.588738455892	428.5882352941176	21165.373451216066
3	I03	2014	210.62366639240193	21062.366639240194	307.21176470588233	21165.373451216066
3	I03	2015	188.9882852404413	18898.82852404413	276.2823529411765	21165.373451216066
3	I03	2016	258.14588885686237	25814.588885686237	376.68627450980404	21165.373451216066
3	I03	2017	460.38441044313765	46038.44104431377	669.58431372549	21165.373451216066
3	I03	2018	413.83724109411787	41383.724109411785	601.4509803921569	21165.373451216066
3	I03	2019	274.7597654575979	27475.97654575979	400.13725490196083	21165.373451216066
3	I03	2020	163.76681167279418	16376.681167279417	238.81176470588233	21165.373451216066
4	I04	2001	1418.6718686311285	141867.18686311285	1939.678431372549	173223.03498768853
4	I04	2002	988.8823820004916	98888.23820004916	1366.776470588235	173223.03498768853
4	I04	2003	577.5418944534309	57754.189445343094	788.0039215686274	173223.03498768853
4	I04	2004	497.282702731617	49728.2702731617	678.6823529411763	173223.03498768853
4	I04	2005	659.0096800762248	65900.96800762248	908.192156862745	173223.03498768853
4	I04	2006	619.4595545965668	61945.95545965668	853.0078431372549	173223.03498768853
4	I04	2007	552.2743304561267	55227.43304561267	754.4666666666667	173223.03498768853
4	I04	2008	531.5661910872541	53156.61910872541	724.0274509803922	173223.03498768853
4	I04	2009	425.2466105066177	42524.661050661765	579.7450980392157	173223.03498768853
4	I04	2010	594.4472031240186	59444.72031240186	814.7607843137254	173223.03498768853
4	I04	2011	452.47235497549	45247.235497549	618.686274509804	173223.03498768853
4	I04	2012	428.4360894757356	42843.608947573564	586.2392156862745	173223.03498768853
4	I04	2013	697.7388600431375	69773.88600431375	955.8980392156861	173223.03498768853
4	I04	2014	709.774418957107	70977.4418957107	975.0980392156864	173223.03498768853
4	I04	2015	517.4409488205881	51744.09488205881	708.2117647058823	173223.03498768853
4	I04	2016	577.0378999088233	57703.78999088233	790.321568627451	173223.03498768853
4	I04	2017	1254.2456309818613	125424.56309818613	1737.3450980392156	173223.03498768853
4	I04	2018	1193.9423914316158	119394.23914316157	1651.611764705883	173223.03498768853
4	I04	2019	581.9665844970575	58196.65844970575	796.9294117647058	173223.03498768853
4	I04	2020	437.0472642473035	43704.72642473035	596.2627450980392	173223.03498768853
5	I05	2001	364.3638148490197	36436.38148490197	539.1411764705882	14192.612305124774
5	I05	2002	328.9725996205885	32897.25996205885	491.078431372549	14192.612305124774
5	I05	2003	499.96921099142105	49996.921099142106	747.1999999999999	14192.612305124774
5	I05	2004	276.47336908848047	27647.336908848047	412.9960784313726	14192.612305124774
5	I05	2005	243.3104053220589	24331.04053220589	359.36470588235295	14192.612305124774
5	I05	2006	277.0586599404413	27705.865994044132	411.71372549019617	14192.612305124774
5	I05	2007	222.15854054852946	22215.854054852945	331.1176470588235	14192.612305124774
5	I05	2008	195.20381426102918	19520.38142610292	288.3411764705882	14192.612305124774
5	I05	2009	212.55868028946105	21255.868028946104	313.8313725490196	14192.612305124774
5	I05	2010	281.5026868995099	28150.26868995099	416.2745098039216	14192.612305124774
5	I05	2011	156.88464777769607	15688.464777769608	233.03529411764703	14192.612305124774
5	I05	2012	225.68713283676482	22568.713283676483	336.4392156862745	14192.612305124774
5	I05	2013	200.6120842151962	20061.20842151962	295.0509803921569	14192.612305124774
5	I05	2014	234.28363701862747	23428.36370186275	346.98823529411766	14192.612305124774
5	I05	2015	275.1140497080882	27511.40497080882	411.7843137254902	14192.612305124774
5	I05	2016	239.95841855735327	23995.841855735325	359.72549019607845	14192.612305124774
5	I05	2017	348.09972403848036	34809.972403848034	520.7725490196079	14192.612305124774
5	I05	2018	411.96006443798996	41196.00644379899	612.4509803921568	14192.612305124774
5	I05	2019	265.16496575539213	26516.49657553921	395.12941176470594	14192.612305124774
5	I05	2020	249.14510982451006	24914.510982451007	372.34509803921577	14192.612305124774
6	I07	2001	1035.7280518649522	103572.80518649523	1545.0980392156866	58797.05359726635
6	I07	2002	629.6648901098046	62966.489010980455	953.8470588235296	58797.05359726635
6	I07	2003	690.5292207928901	69052.92207928901	1036.0823529411764	58797.05359726635
6	I07	2004	478.60848071813746	47860.84807181374	715.956862745098	58797.05359726635
6	I07	2005	659.6368608357836	65963.68608357836	989.1843137254901	58797.05359726635
6	I07	2006	761.1084318943608	76110.84318943608	1137.3098039215686	58797.05359726635
6	I07	2007	581.8123520362742	58181.235203627424	877.4627450980392	58797.05359726635
6	I07	2008	749.9927153772047	74999.27153772047	1119.4156862745099	58797.05359726635
6	I07	2009	496.6711077225483	49667.11077225483	735.0862745098038	58797.05359726635
6	I07	2010	300.0701706166666	30007.01706166666	448.11764705882354	58797.05359726635
6	I07	2011	191.59121242058825	19159.121242058824	290.22745098039223	58797.05359726635
6	I07	2012	373.77805932647084	37377.80593264708	564.0196078431375	58797.05359726635
6	I07	2013	410.84172174142117	41084.17217414211	620.7607843137256	58797.05359726635
6	I07	2014	437.6928069044122	43769.28069044122	662.6274509803923	58797.05359726635
6	I07	2015	500.2813853095589	50028.13853095589	757.321568627451	58797.05359726635
6	I07	2016	442.6191925950983	44261.91925950983	667.7725490196078	58797.05359726635
6	I07	2017	812.6824470549012	81268.24470549013	1223.0941176470585	58797.05359726635
6	I07	2018	616.6649617196077	61666.496171960775	926.0196078431374	58797.05359726635
6	I07	2019	394.1081740129894	39410.81740129894	590.4000000000001	58797.05359726635
6	I07	2020	537.7452761372547	53774.52761372547	805.1411764705883	58797.05359726635
7	I08	2001	155.9118802909315	15591.18802909315	198.05490196078432	5487.09031363336
7	I08	2002	174.7623431303921	17476.23431303921	221.74901960784314	5487.09031363336
7	I08	2003	109.29897558235295	10929.897558235296	138.64705882352942	5487.09031363336
7	I08	2004	118.0685849762255	11806.85849762255	149.3882352941177	5487.09031363336
7	I08	2005	97.75962038848037	9775.962038848038	124.24705882352943	5487.09031363336
7	I08	2006	106.12875593137251	10612.87559313725	134.4823529411765	5487.09031363336
7	I08	2007	107.86535398382354	10786.535398382353	137.6156862745098	5487.09031363336
7	I08	2008	105.98105785122544	10598.105785122545	134.63529411764708	5487.09031363336
7	I08	2009	92.61060356813728	9261.060356813729	117.66274509803921	5487.09031363336
7	I08	2010	70.51379951911767	7051.3799519117665	88.75686274509803	5487.09031363336
7	I08	2011	95.88782955808826	9588.782955808825	121.64705882352942	5487.09031363336
7	I08	2012	99.11632950416663	9911.632950416662	126.01960784313725	5487.09031363336
7	I08	2013	130.15884932450976	13015.884932450976	164.86274509803923	5487.09031363336
7	I08	2014	113.95370722696077	11395.370722696078	144.30588235294118	5487.09031363336
7	I08	2015	108.66895442401963	10866.895442401963	138.09411764705885	5487.09031363336
7	I08	2016	114.08310463088243	11408.310463088243	145.27450980392157	5487.09031363336
7	I08	2017	94.79823575441179	9479.82357544118	120.09803921568628	5487.09031363336
7	I08	2018	125.54499677720588	12554.499677720589	159.96862745098036	5487.09031363336
7	I08	2019	111.68851488480392	11168.851488480392	142.3372549019608	5487.09031363336
7	I08	2020	109.10560535024513	10910.560535024513	138.82745098039217	5487.09031363336
8	I10	2001	740.6499905453427	74064.99905453427	974.7803921568627	57907.754303015776
8	I10	2002	398.1567198816179	39815.67198816179	517.2078431372549	57907.754303015776
8	I10	2003	449.8730785438722	44987.307854387225	585.9254901960784	57907.754303015776
8	I10	2004	380.1400997551471	38014.00997551471	498.53725490196075	57907.754303015776
8	I10	2005	348.28997702279423	34828.99770227943	456.156862745098	57907.754303015776
8	I10	2006	285.6703267531862	28567.03267531862	372.8156862745098	57907.754303015776
8	I10	2007	302.8973847774511	30289.73847774511	395.5294117647059	57907.754303015776
8	I10	2008	321.6145515303921	32161.45515303921	421.0627450980393	57907.754303015776
8	I10	2009	287.08530695612745	28708.530695612746	375.2588235294118	57907.754303015776
8	I10	2010	309.8854088990197	30988.540889901968	404.5921568627451	57907.754303015776
8	I10	2011	258.89750755686276	25889.750755686277	336.7450980392157	57907.754303015776
8	I10	2012	491.8511775453426	49185.11775453426	634.4235294117647	57907.754303015776
8	I10	2013	506.32349038921564	50632.349038921566	660.3215686274509	57907.754303015776
8	I10	2014	405.26730580392166	40526.73058039216	528.0470588235294	57907.754303015776
8	I10	2015	421.7916404963231	42179.16404963231	549.3568627450979	57907.754303015776
8	I10	2016	428.32145898970555	42832.14589897056	558.2470588235293	57907.754303015776
8	I10	2017	529.3363554124996	52933.63554124996	687.5725490196078	57907.754303015776
8	I10	2018	526.3105554186268	52631.055541862675	683.3921568627451	57907.754303015776
8	I10	2019	494.853844252451	49485.3844252451	641.0039215686274	57907.754303015776
8	I10	2020	526.9534564634798	52695.34564634798	688.5294117647059	57907.754303015776
9	I11	2001	26.94373195955882	2694.3731959558822	32.72549019607843	10094.592804107231
9	I11	2002	27.89133459289216	2789.1334592892163	33.85882352941177	10094.592804107231
9	I11	2003	27.260394160294116	2726.0394160294118	33.26274509803922	10094.592804107231
9	I11	2004	20.691162488235296	2069.1162488235295	25.227450980392156	10094.592804107231
9	I11	2005	25.515749225490186	2551.5749225490185	31.090196078431372	10094.592804107231
9	I11	2006	13.68332225735294	1368.3322257352938	16.666666666666668	10094.592804107231
9	I11	2007	15.35926422156863	1535.926422156863	18.737254901960785	10094.592804107231
9	I11	2008	13.71318064485294	1371.3180644852941	16.780392156862746	10094.592804107231
9	I11	2009	18.0633646507353	1806.3364650735298	22.011764705882353	10094.592804107231
9	I11	2010	13.411712322058824	1341.1712322058825	16.38823529411765	10094.592804107231
9	I11	2011	16.410888551715686	1641.0888551715686	20.066666666666666	10094.592804107231
9	I11	2012	38.11388173431372	3811.3881734313723	46.196078431372555	10094.592804107231
9	I11	2013	28.533347622794118	2853.3347622794117	34.87843137254902	10094.592804107231
9	I11	2014	27.011662016176466	2701.1662016176465	33.03921568627451	10094.592804107231
9	I11	2015	58.684041910784295	5868.40419107843	71.83137254901962	10094.592804107231
9	I11	2016	43.775200994362734	4377.520099436273	53.46666666666666	10094.592804107231
9	I11	2017	30.745903075490205	3074.5903075490205	37.54509803921569	10094.592804107231
9	I11	2018	51.437429797058826	5143.742979705883	62.529411764705884	10094.592804107231
9	I11	2019	38.9276808110294	3892.7680811029395	47.55294117647059	10094.592804107231
9	I11	2020	47.83225821862745	4783.225821862745	58.38039215686275	10094.592804107231
10	I12	2001	77.47993127107844	7747.993127107844	95.53333333333333	34890.99880274105
10	I12	2002	76.83958801078428	7683.958801078428	95.05490196078432	34890.99880274105
10	I12	2003	91.5833241132353	9158.33241132353	113.48627450980392	34890.99880274105
10	I12	2004	75.80477851642158	7580.4778516421575	93.76470588235293	34890.99880274105
10	I12	2005	73.5309349639706	7353.093496397059	90.98823529411764	34890.99880274105
10	I12	2006	54.76279406	5476.279406	68	34890.99880274105
10	I12	2007	89.04279630686274	8904.279630686275	110.53725490196078	34890.99880274105
10	I12	2008	97.91053590906859	9791.053590906859	121.14117647058823	34890.99880274105
10	I12	2009	101.08844566519606	10108.844566519607	124.84705882352941	34890.99880274105
10	I12	2010	50.73057756249998	5073.057756249998	62.78823529411765	34890.99880274105
10	I12	2011	67.51810228063728	6751.810228063728	83.69803921568628	34890.99880274105
10	I12	2012	185.4109135024509	18541.09135024509	230.4392156862745	34890.99880274105
10	I12	2013	184.50639679705893	18450.63967970589	228.7764705882353	34890.99880274105
10	I12	2014	161.1017507370098	16110.17507370098	199.68627450980392	34890.99880274105
10	I12	2015	217.3003017674019	21730.03017674019	269.67058823529413	34890.99880274105
10	I12	2016	210.05326437990217	21005.326437990218	260.07450980392156	34890.99880274105
10	I12	2017	204.83295026029427	20483.295026029427	253.8392156862745	34890.99880274105
10	I12	2018	239.1582881676471	23915.82881676471	296.79607843137256	34890.99880274105
10	I12	2019	253.15523874975503	25315.523874975504	314.5882352941176	34890.99880274105
10	I12	2020	203.22556364387268	20322.556364387267	251.49019607843138	34890.99880274105
11	I14	2001	293.36543273284303	29336.543273284304	345.4745098039216	30759.83880551214
11	I14	2002	253.5105216002451	25351.052160024512	298.2078431372549	30759.83880551214
11	I14	2003	287.9165600767155	28791.656007671547	339.26274509803926	30759.83880551214
11	I14	2004	266.1325422715685	26613.254227156853	313.2392156862745	30759.83880551214
11	I14	2005	225.68381570637254	22568.381570637255	265.54509803921565	30759.83880551214
11	I14	2006	254.5210645563726	25452.106455637262	299.0156862745098	30759.83880551214
11	I14	2007	266.0760227911765	26607.60227911765	313.435294117647	30759.83880551214
11	I14	2008	266.22975398995095	26622.975398995095	313.51764705882346	30759.83880551214
11	I14	2009	291.98825140049024	29198.825140049023	343.8509803921569	30759.83880551214
11	I14	2010	279.0866077825979	27908.660778259793	328.6862745098039	30759.83880551214
11	I14	2011	244.84409542303902	24484.409542303903	288.59999999999997	30759.83880551214
11	I14	2012	344.52737814681325	34452.73781468133	405.5529411764706	30759.83880551214
11	I14	2013	367.1699338919113	36716.99338919113	432.5176470588235	30759.83880551214
11	I14	2014	281.2574813428921	28125.74813428921	331.16862745098047	30759.83880551214
11	I14	2015	298.2537215279411	29825.37215279411	351.11764705882354	30759.83880551214
11	I14	2016	258.6791087404412	25867.910874044122	304.52941176470586	30759.83880551214
11	I14	2017	265.81804982843147	26581.804982843147	312.87450980392157	30759.83880551214
11	I14	2018	341.2252934580875	34122.52934580875	401.6470588235294	30759.83880551214
11	I14	2019	285.6765255034315	28567.652550343148	336.20392156862744	30759.83880551214
11	I14	2020	304.4376445468137	30443.76445468137	358.5058823529411	30759.83880551214
12	I15	2001	347.3413154056374	34734.131540563736	415.07450980392156	170784.66755755135
12	I15	2002	419.8844928139714	41988.44928139714	501.9764705882353	170784.66755755135
12	I15	2003	427.899941419118	42789.994141911804	511.16862745098035	170784.66755755135
12	I15	2004	375.2963138186277	37529.63138186277	447.9764705882353	170784.66755755135
12	I15	2005	262.7938483700981	26279.38483700981	313.8078431372549	170784.66755755135
12	I15	2006	286.5295123	28652.95123	342	170784.66755755135
12	I15	2007	335.92971422156836	33592.971422156836	400.47843137254904	170784.66755755135
12	I15	2008	309.8956174539215	30989.561745392148	369.2352941176471	170784.66755755135
12	I15	2009	331.4040877176471	33140.408771764705	394.92156862745094	170784.66755755135
12	I15	2010	397.91511069803926	39791.51106980393	474.2196078431373	170784.66755755135
12	I15	2011	318.5544976392161	31855.44976392161	379.54117647058825	170784.66755755135
12	I15	2012	536.8124967166663	53681.24967166663	639.8274509803922	170784.66755755135
12	I15	2013	488.9135943955885	48891.35943955885	582.9098039215687	170784.66755755135
12	I15	2014	424.1646000063728	42416.46000063728	505.2392156862745	170784.66755755135
12	I15	2015	488.2711978100492	48827.11978100492	582.6549019607844	170784.66755755135
12	I15	2016	513.8731958416669	51387.31958416669	612.564705882353	170784.66755755135
12	I15	2017	492.3823546583334	49238.235465833335	587.4941176470589	170784.66755755135
12	I15	2018	457.46438108848076	45746.43810884807	545.8549019607843	170784.66755755135
12	I15	2019	470.5779445659315	47057.79445659315	560.8509803921569	170784.66755755135
12	I15	2020	515.1818736791662	51518.18736791662	614.5215686274512	170784.66755755135
13	I16	2001	72.30102041519608	7230.102041519608	83.83529411764707	3787.8625550377456
13	I16	2002	82.72298362794116	8272.298362794116	95.7686274509804	3787.8625550377456
13	I16	2003	116.00966738651958	11600.966738651958	133.88235294117646	3787.8625550377456
13	I16	2004	112.97529486078432	11297.529486078432	131.69019607843134	3787.8625550377456
13	I16	2005	87.11209969460782	8711.209969460782	102.01960784313727	3787.8625550377456
13	I16	2006	91.6188668958333	9161.88668958333	106.19607843137256	3787.8625550377456
13	I16	2007	92.3961580370098	9239.615803700979	107.58823529411764	3787.8625550377456
13	I16	2008	97.3567158178921	9735.671581789209	113.6392156862745	3787.8625550377456
13	I16	2009	98.99263284264704	9899.263284264704	115.35294117647058	3787.8625550377456
13	I16	2010	76.7871119617647	7678.7111961764695	89.89411764705882	3787.8625550377456
13	I16	2011	94.84844064362738	9484.844064362738	110.9686274509804	3787.8625550377456
13	I16	2012	108.02852331348036	10802.852331348036	125.95686274509804	3787.8625550377456
13	I16	2013	96.35462603039217	9635.462603039217	112.87450980392157	3787.8625550377456
13	I16	2014	67.30963397377454	6730.9633973774535	78.06666666666666	3787.8625550377456
13	I16	2015	80.33253099681372	8033.253099681371	93.69803921568626	3787.8625550377456
13	I16	2016	96.64225025955878	9664.225025955879	113.1764705882353	3787.8625550377456
13	I16	2017	74.10227796053918	7410.227796053919	86.42745098039215	3787.8625550377456
13	I16	2018	93.01241078848038	9301.241078848037	108.47058823529412	3787.8625550377456
13	I16	2019	89.58410332549015	8958.410332549014	104.92941176470589	3787.8625550377456
13	I16	2020	81.98760645367645	8198.760645367645	95.90588235294118	3787.8625550377456
14	I17	2001	311.12877329093175	31112.877329093175	357.6666666666667	21071.845305455627
14	I17	2002	499.0595647436275	49905.95647436275	572.5450980392158	21071.845305455627
14	I17	2003	451.72366852941155	45172.36685294116	519.3176470588232	21071.845305455627
14	I17	2004	336.06758648750025	33606.75864875002	386.5019607843137	21071.845305455627
14	I17	2005	339.85992797598055	33985.99279759805	390.9764705882353	21071.845305455627
14	I17	2006	375.33405865147074	37533.40586514708	432.0470588235293	21071.845305455627
14	I17	2007	431.5774158647061	43157.74158647061	496.0901960784314	21071.845305455627
14	I17	2008	479.71466788112735	47971.46678811274	551.5450980392156	21071.845305455627
14	I17	2009	424.46837519240233	42446.83751924023	487.7450980392157	21071.845305455627
14	I17	2010	453.4752132870095	45347.521328700954	521.9607843137255	21071.845305455627
14	I17	2011	421.8726834487746	42187.268344877455	485.1411764705882	21071.845305455627
14	I17	2012	592.485599562499	59248.559956249905	681.278431372549	21071.845305455627
14	I17	2013	536.3690276044115	53636.902760441146	617.6705882352942	21071.845305455627
14	I17	2014	468.48468840784307	46848.468840784306	538.6274509803922	21071.845305455627
14	I17	2015	553.1995102352931	55319.95102352931	636.1803921568626	21071.845305455627
14	I17	2016	451.5755266980391	45157.55266980391	519.9098039215687	21071.845305455627
14	I17	2017	458.79742164828366	45879.74216482836	527.8823529411765	21071.845305455627
14	I17	2018	552.4726809132358	55247.268091323574	635.6745098039219	21071.845305455627
14	I17	2019	457.5334258509805	45753.34258509805	526.321568627451	21071.845305455627
14	I17	2020	478.75768166617627	47875.76816661763	550.8941176470589	21071.845305455627
15	I18	2001	50.36431258872548	5036.431258872548	58.74509803921569	22258.517763678425
15	I18	2002	71.2349152995098	7123.491529950979	83.15294117647059	22258.517763678425
15	I18	2003	91.476966145098	9147.696614509801	106.62352941176471	22258.517763678425
15	I18	2004	86.90036385759797	8690.036385759797	101.40392156862745	22258.517763678425
15	I18	2005	92.91119454877449	9291.11945487745	108.28235294117647	22258.517763678425
15	I18	2006	80.53607674999998	8053.6076749999975	94	22258.517763678425
15	I18	2007	70.97555689093137	7097.5556890931375	82.87058823529412	22258.517763678425
15	I18	2008	60.59520342745097	6059.520342745097	70.70196078431373	22258.517763678425
15	I18	2009	61.01601277671568	6101.601277671568	71.14509803921568	22258.517763678425
15	I18	2010	72.51763225955875	7251.763225955875	84.59607843137255	22258.517763678425
15	I18	2011	59.075210874999996	5907.521087499999	68.84313725490196	22258.517763678425
15	I18	2012	120.31262522352952	12031.262522352952	140.1529411764706	22258.517763678425
15	I18	2013	98.35001111691176	9835.001111691176	114.56470588235294	22258.517763678425
15	I18	2014	117.02305273308824	11702.305273308824	136.31764705882352	22258.517763678425
15	I18	2015	111.49400008823532	11149.400008823532	130.08235294117645	22258.517763678425
15	I18	2016	112.03323462696078	11203.323462696078	130.32941176470587	22258.517763678425
15	I18	2017	95.45226717696076	9545.226717696076	111.32156862745099	22258.517763678425
15	I18	2018	105.68401381593141	10568.401381593141	123.11372549019607	22258.517763678425
15	I18	2019	124.14004583799029	12414.00458379903	144.79607843137254	22258.517763678425
15	I18	2020	135.45211732083342	13545.211732083342	158.00392156862745	22258.517763678425
16	I19	2001	194.41329193480405	19441.329193480404	224.8745098039216	47640.649552524395
16	I19	2002	219.36652629142154	21936.652629142154	253.7058823529412	47640.649552524395
16	I19	2003	263.2142187536766	26321.42187536766	305.6627450980392	47640.649552524395
16	I19	2004	232.5221205458335	23252.21205458335	268.9843137254902	47640.649552524395
16	I19	2005	409.90010363774445	40990.01036377445	471.33333333333326	47640.649552524395
16	I19	2006	274.55337208504903	27455.337208504905	315.80784313725485	47640.649552524395
16	I19	2007	193.2119439183825	19321.19439183825	223.08235294117645	47640.649552524395
16	I19	2008	186.17034439803942	18617.03443980394	214.27058823529413	47640.649552524395
16	I19	2009	223.25677059852936	22325.677059852937	258.36470588235295	47640.649552524395
16	I19	2010	245.35092865049012	24535.092865049013	282.9529411764706	47640.649552524395
16	I19	2011	190.33690282279406	19033.690282279407	219.94117647058826	47640.649552524395
16	I19	2012	290.1418634475488	29014.186344754882	335.0156862745098	47640.649552524395
16	I19	2013	264.4761416183823	26447.61416183823	305.7647058823529	47640.649552524395
16	I19	2014	219.82044652426478	21982.044652426477	254.66666666666666	47640.649552524395
16	I19	2015	294.54685019705875	29454.685019705874	340.36470588235295	47640.649552524395
16	I19	2016	315.82711743651976	31582.711743651977	365.0823529411764	47640.649552524395
16	I19	2017	333.82688602009813	33382.68860200981	385.2	47640.649552524395
16	I19	2018	291.8644939348041	29186.44939348041	336.5411764705883	47640.649552524395
16	I19	2019	354.6954728134803	35469.54728134803	409.42745098039217	47640.649552524395
16	I19	2020	307.34459284730394	30734.459284730394	354.81176470588235	47640.649552524395
17	I20	2001	161.6405063882352	16164.050638823519	187.4156862745098	52459.30331163445
17	I20	2002	187.22033538063727	18722.033538063726	216.65098039215687	52459.30331163445
17	I20	2003	220.12439508799002	22012.439508799	255.00392156862736	52459.30331163445
17	I20	2004	206.54888246421555	20654.888246421557	239.3490196078431	52459.30331163445
17	I20	2005	209.36138724877446	20936.138724877448	242.78431372549016	52459.30331163445
17	I20	2006	197.04803918627454	19704.803918627455	228.49803921568628	52459.30331163445
17	I20	2007	228.2342221311273	22823.422213112728	264.8941176470588	52459.30331163445
17	I20	2008	259.3136368622549	25931.36368622549	300.8901960784313	52459.30331163445
17	I20	2009	222.4604026840687	22246.04026840687	258.0235294117647	52459.30331163445
17	I20	2010	231.4971900465684	23149.71900465684	268.56470588235294	52459.30331163445
17	I20	2011	189.2810661808824	18928.10661808824	219.39999999999998	52459.30331163445
17	I20	2012	288.476940467157	28847.694046715704	334.45882352941175	52459.30331163445
17	I20	2013	249.86671999632344	24986.671999632345	289.61960784313726	52459.30331163445
17	I20	2014	227.55814710024512	22755.81471002451	264.1647058823529	52459.30331163445
17	I20	2015	267.8661071794119	26786.610717941192	310.84313725490193	52459.30331163445
17	I20	2016	261.5423955034314	26154.23955034314	303.47450980392153	52459.30331163445
17	I20	2017	246.73259383700994	24673.259383700995	285.79999999999995	52459.30331163445
17	I20	2018	277.0339037450982	27703.39037450982	321.45490196078424	52459.30331163445
17	I20	2019	284.8482525058825	28484.82525058825	330.36470588235295	52459.30331163445
17	I20	2020	276.35206234754895	27635.206234754896	320.2392156862745	52459.30331163445
18	I21	2001	441.5896406884802	44158.96406884802	499.3019607843136	162197.57207154387
18	I21	2002	612.4986507683831	61249.86507683831	693.827450980392	162197.57207154387
18	I21	2003	582.3846688860283	58238.46688860283	657.713725490196	162197.57207154387
18	I21	2004	489.5630456759808	48956.304567598076	553.4666666666666	162197.57207154387
18	I21	2005	500.82678735735345	50082.678735735346	565.7254901960785	162197.57207154387
18	I21	2006	558.4528836370102	55845.28836370102	628.7607843137255	162197.57207154387
18	I21	2007	550.3025976465684	55030.25976465684	621.549019607843	162197.57207154387
18	I21	2008	562.1534172605395	56215.34172605395	634.2313725490197	162197.57207154387
18	I21	2009	483.3063915323531	48330.63915323531	547.5921568627449	162197.57207154387
18	I21	2010	490.8069304671567	49080.69304671567	555.5607843137254	162197.57207154387
18	I21	2011	493.6095240125007	49360.95240125007	557.1764705882354	162197.57207154387
18	I21	2012	742.1738594995095	74217.38594995096	839.1607843137255	162197.57207154387
18	I21	2013	702.2804494705885	70228.04494705885	793.8117647058822	162197.57207154387
18	I21	2014	534.7325622941182	53473.256229411825	602.6705882352942	162197.57207154387
18	I21	2015	574.1243707958342	57412.437079583426	649.2274509803921	162197.57207154387
18	I21	2016	647.688387860539	64768.8387860539	729.7411764705881	162197.57207154387
18	I21	2017	571.2314377387257	57123.14377387257	644.3568627450978	162197.57207154387
18	I21	2018	728.1775671490194	72817.75671490195	821.5137254901961	162197.57207154387
18	I21	2019	641.1104302921567	64111.04302921567	724.2823529411767	162197.57207154387
18	I21	2020	612.8692793703439	61286.92793703439	691.8627450980389	162197.57207154387
19	I22	2001	926.7609708409311	92676.09708409311	1050.6313725490197	104994.48692993002
19	I22	2002	1166.7098795776942	116670.98795776942	1321.352941176471	104994.48692993002
19	I22	2003	1336.5708783958294	133657.08783958293	1513.9333333333334	104994.48692993002
19	I22	2004	923.6640653186265	92366.40653186265	1046.3254901960784	104994.48692993002
19	I22	2005	889.0571455129881	88905.7145512988	1008.3607843137254	104994.48692993002
19	I22	2006	1044.493320216175	104449.3320216175	1184.2901960784316	104994.48692993002
19	I22	2007	1128.603323794604	112860.3323794604	1278.2078431372547	104994.48692993002
19	I22	2008	1303.63512703186	130363.512703186	1475.6784313725489	104994.48692993002
19	I22	2009	1181.635946061029	118163.5946061029	1337.9647058823532	104994.48692993002
19	I22	2010	1351.8625654149469	135186.2565414947	1532.462745098039	104994.48692993002
19	I22	2011	1138.2270662926433	113822.70662926433	1289.450980392157	104994.48692993002
19	I22	2012	1668.7389812754882	166873.8981275488	1889.4588235294125	104994.48692993002
19	I22	2013	1374.7528063720536	137475.28063720535	1556.070588235294	104994.48692993002
19	I22	2014	1315.7917776482814	131579.17776482814	1489.8392156862742	104994.48692993002
19	I22	2015	1711.790077392892	171179.0077392892	1938.9490196078425	104994.48692993002
19	I22	2016	1511.5112120281842	151151.1212028184	1711.4862745098037	104994.48692993002
19	I22	2017	1497.370689870833	149737.0689870833	1695.4156862745094	104994.48692993002
19	I22	2018	1581.1715192333359	158117.1519233336	1790.8313725490198	104994.48692993002
19	I22	2019	1271.1392106916642	127113.92106916642	1439.3843137254903	104994.48692993002
19	I22	2020	1430.3368386678926	143033.68386678927	1619.3843137254903	104994.48692993002
20	I23	2001	338.95133924558814	33895.13392455882	385.54509803921565	153028.27130119965
20	I23	2002	359.15491673431364	35915.49167343137	408.9568627450981	153028.27130119965
20	I23	2003	397.27297975808796	39727.2979758088	451.4313725490196	153028.27130119965
20	I23	2004	385.89992380906864	38589.992380906864	439.235294117647	153028.27130119965
20	I23	2005	414.45229572696064	41445.229572696066	471.64313725490194	153028.27130119965
20	I23	2006	399.05179349534336	39905.17934953434	453.7411764705882	153028.27130119965
20	I23	2007	432.112085873284	43211.2085873284	491.8705882352941	153028.27130119965
20	I23	2008	416.62421065465645	41662.42106546564	474.87058823529406	153028.27130119965
20	I23	2009	466.83313152230374	46683.313152230374	531.6823529411765	153028.27130119965
20	I23	2010	481.71550810906905	48171.550810906905	548.0784313725491	153028.27130119965
20	I23	2011	357.8655602485289	35786.556024852885	406.60784313725486	153028.27130119965
20	I23	2012	570.9074887919123	57090.74887919123	650.0431372549018	153028.27130119965
20	I23	2013	471.5702371102937	47157.02371102937	537.6588235294118	153028.27130119965
20	I23	2014	412.59410424901927	41259.41042490193	469.8392156862745	153028.27130119965
20	I23	2015	532.0613409926468	53206.13409926468	605.3843137254902	153028.27130119965
20	I23	2016	514.2914541284313	51429.14541284313	585.3411764705884	153028.27130119965
20	I23	2017	607.8802562080887	60788.02562080887	692.2588235294118	153028.27130119965
20	I23	2018	567.473132188481	56747.3132188481	647.035294117647	153028.27130119965
20	I23	2019	518.880029017402	51888.0029017402	590.8823529411765	153028.27130119965
20	I23	2020	571.9381432720589	57193.814327205895	651.086274509804	153028.27130119965
21	I24	2001	319.8140445061272	31981.404450612717	359.521568627451	68192.68011065008
21	I24	2002	355.90721621249963	35590.72162124996	400.3843137254902	68192.68011065008
21	I24	2003	390.3598418794116	39035.98418794116	439.1294117647059	68192.68011065008
21	I24	2004	359.617731638725	35961.7731638725	404.34901960784316	68192.68011065008
21	I24	2005	495.7339629835784	49573.39629835784	558.3803921568629	68192.68011065008
21	I24	2006	423.65343884362727	42365.34388436273	477.18823529411765	68192.68011065008
21	I24	2007	353.50279609044026	35350.279609044024	397.7607843137255	68192.68011065008
21	I24	2008	352.5393693448526	35253.93693448526	396.69019607843137	68192.68011065008
21	I24	2009	447.32199970882385	44732.199970882386	502.53725490196086	68192.68011065008
21	I24	2010	540.4623364914211	54046.23364914211	608.4352941176471	68192.68011065008
21	I24	2011	423.32339910980323	42332.33991098032	476.65098039215684	68192.68011065008
21	I24	2012	586.5434737872552	58654.34737872551	660.1019607843137	68192.68011065008
21	I24	2013	527.8863718686267	52788.637186862674	594.0117647058823	68192.68011065008
21	I24	2014	419.53431894240174	41953.43189424017	471.93333333333334	68192.68011065008
21	I24	2015	508.1684455661762	50816.84455661762	571.7960784313726	68192.68011065008
21	I24	2016	589.7175176757346	58971.751767573456	663.5098039215686	68192.68011065008
21	I24	2017	515.0010371357845	51500.10371357845	579.4509803921568	68192.68011065008
21	I24	2018	616.4797718068615	61647.97718068615	693.6196078431371	68192.68011065008
21	I24	2019	612.1481730313723	61214.81730313723	689.2901960784314	68192.68011065008
21	I24	2020	580.1476520637248	58014.765206372474	653.21568627451	68192.68011065008
22	I25	2001	1621.676452665202	162167.6452665202	1808.9450980392153	192941.5706259687
22	I25	2002	2024.2707374223146	202427.07374223147	2255.2705882352943	192941.5706259687
22	I25	2003	1808.0922817465766	180809.22817465768	2015.6274509803925	192941.5706259687
22	I25	2004	1629.4510782125062	162945.10782125063	1815.5882352941176	192941.5706259687
22	I25	2005	2007.1956002507434	200719.56002507434	2236.69411764706	192941.5706259687
22	I25	2006	1571.8163737235363	157181.63737235364	1752.5686274509799	192941.5706259687
22	I25	2007	1647.0893857593144	164708.93857593145	1835.890196078432	192941.5706259687
22	I25	2008	2651.641786843393	265164.17868433933	2951.196078431374	192941.5706259687
22	I25	2009	2718.47934312746	271847.93431274605	3024.0352941176475	192941.5706259687
22	I25	2010	2542.5153006137293	254251.53006137293	2833.2980392156874	192941.5706259687
22	I25	2011	1976.4702535132417	197647.02535132418	2204.04705882353	192941.5706259687
22	I25	2012	2486.8568457941296	248685.68457941298	2772.545098039218	192941.5706259687
22	I25	2013	2458.0323695480456	245803.23695480457	2741.372549019609	192941.5706259687
22	I25	2014	2456.441921733089	245644.19217330893	2739.580392156863	192941.5706259687
22	I25	2015	2307.8912801826123	230789.12801826122	2574.8196078431374	192941.5706259687
22	I25	2016	2115.9071894399654	211590.71894399653	2357.8431372549007	192941.5706259687
22	I25	2017	2176.465847225995	217646.58472259948	2427.011764705883	192941.5706259687
22	I25	2018	2726.9091995068684	272690.91995068686	3037.7607843137266	192941.5706259687
22	I25	2019	2108.169249667169	210816.9249667169	2350.0862745098048	192941.5706259687
22	I25	2020	2222.206396682122	222220.63966821218	2479.521568627451	192941.5706259687
23	I26	2001	836.5027088911767	83650.27088911767	925.5999999999999	152037.86442690468
23	I26	2002	1292.6967359992702	129269.67359992702	1429.6901960784317	152037.86442690468
23	I26	2003	1614.5676745965766	161456.76745965765	1785.4117647058818	152037.86442690468
23	I26	2004	1274.184053971084	127418.4053971084	1409.5607843137254	152037.86442690468
23	I26	2005	1050.663844653921	105066.3844653921	1161.4392156862748	152037.86442690468
23	I26	2006	1368.3828519769622	136838.2851976962	1512.062745098039	152037.86442690468
23	I26	2007	1535.2024196107902	153520.241961079	1696.7215686274508	152037.86442690468
23	I26	2008	1691.5297624284374	169152.97624284372	1871.8784313725491	152037.86442690468
23	I26	2009	1281.227962280152	128122.7962280152	1417.1529411764704	152037.86442690468
23	I26	2010	1547.5864435740264	154758.64435740263	1709.576470588236	152037.86442690468
23	I26	2011	1120.5217512495092	112052.17512495091	1238.2470588235292	152037.86442690468
23	I26	2012	1662.8673696485398	166286.73696485398	1838.8745098039212	152037.86442690468
23	I26	2013	1699.5589544906977	169955.89544906977	1878.8352941176474	152037.86442690468
23	I26	2014	1353.455524993633	135345.5524993633	1496.8549019607844	152037.86442690468
23	I26	2015	1822.4235095701115	182242.35095701116	2015.2392156862743	152037.86442690468
23	I26	2016	1811.1656361679036	181116.56361679037	2002.9019607843136	152037.86442690468
23	I26	2017	1825.0211405522189	182502.1140552219	2018.4588235294123	152037.86442690468
23	I26	2018	1838.0371843308915	183803.71843308915	2032.3058823529418	152037.86442690468
23	I26	2019	1420.307604997311	142030.7604997311	1571.0392156862745	152037.86442690468
23	I26	2020	1585.3473863965764	158534.73863965765	1753.874509803922	152037.86442690468
24	I27	2001	139.83361147181373	13983.361147181373	151.47450980392156	18808.840091664162
24	I27	2002	122.88857916102938	12288.857916102937	133.79607843137254	18808.840091664162
24	I27	2003	115.37420211029416	11537.420211029417	125.96862745098038	18808.840091664162
24	I27	2004	106.21592712794121	10621.592712794121	113.98431372549018	18808.840091664162
24	I27	2005	72.53267728235296	7253.267728235296	79.97647058823529	18808.840091664162
24	I27	2006	79.05200008749999	7905.200008749999	86.16078431372549	18808.840091664162
24	I27	2007	78.66196760367646	7866.196760367646	84.21960784313725	18808.840091664162
24	I27	2008	98.20419110686277	9820.419110686276	106.21176470588232	18808.840091664162
24	I27	2009	100.92062277303926	10092.062277303925	109.17254901960784	18808.840091664162
24	I27	2010	77.75208497009804	7775.208497009804	85.54901960784314	18808.840091664162
24	I27	2011	79.69083832181369	7969.083832181369	83.82745098039216	18808.840091664162
24	I27	2012	103.86827458235292	10386.827458235293	113.26666666666665	18808.840091664162
24	I27	2013	108.21484290661756	10821.484290661756	115.55294117647061	18808.840091664162
24	I27	2014	97.33216664166669	9733.216664166668	105.22352941176469	18808.840091664162
24	I27	2015	92.6678385080882	9266.783850808819	99.81960784313723	18808.840091664162
24	I27	2016	94.53458431519603	9453.458431519603	103.04313725490196	18808.840091664162
24	I27	2017	119.67984217916657	11967.984217916657	130.10196078431372	18808.840091664162
24	I27	2018	82.074318745098	8207.431874509799	88.31372549019609	18808.840091664162
24	I27	2019	94.41496886078428	9441.496886078428	102.8313725490196	18808.840091664162
24	I27	2020	92.75644853039208	9275.644853039208	101.23529411764704	18808.840091664162
25	I28	2001	2533.8944590909355	253389.44590909354	2767.650980392157	224290.8209349263
25	I28	2002	3465.2197644595603	346521.97644595604	3788.6862745098033	224290.8209349263
25	I28	2003	3900.442411096337	390044.2411096337	4264.317647058825	224290.8209349263
25	I28	2004	3621.972145890942	362197.2145890942	3961.525490196079	224290.8209349263
25	I28	2005	3477.219790290197	347721.9790290197	3805.4784313725495	224290.8209349263
25	I28	2006	3491.791350145847	349179.1350145847	3813.4941176470575	224290.8209349263
25	I28	2007	3502.682336826487	350268.2336826487	3827.6823529411768	224290.8209349263
25	I28	2008	3964.477559183102	396447.7559183102	4337.972549019608	224290.8209349263
25	I28	2009	3645.5761498019706	364557.61498019705	3989.396078431372	224290.8209349263
25	I28	2010	3623.3131630122703	362331.316301227	3967.580392156864	224290.8209349263
25	I28	2011	2952.959974402942	295295.9974402942	3230.4980392156854	224290.8209349263
25	I28	2012	4141.126239873046	414112.62398730457	4533.286274509805	224290.8209349263
25	I28	2013	4306.122951056871	430612.2951056871	4715.062745098039	224290.8209349263
25	I28	2014	4104.150519216668	410415.0519216668	4492.2941176470595	224290.8209349263
25	I28	2015	4603.148938273296	460314.8938273296	5040.545098039218	224290.8209349263
25	I28	2016	4081.7746241046634	408177.46241046634	4469.5921568627455	224290.8209349263
25	I28	2017	4189.470029316437	418947.0029316437	4585.81568627451	224290.8209349263
25	I28	2018	5301.452473832868	530145.2473832868	5803.576470588237	224290.8209349263
25	I28	2019	4309.433993750993	430943.3993750993	4721.572549019607	224290.8209349263
25	I28	2020	4239.156757230894	423915.6757230894	4641.4509803921555	224290.8209349263
26	I29	2001	107.97186830490196	10797.186830490196	117.69803921568626	2343.2768929627446
26	I29	2002	139.55845169681376	13955.845169681375	152.16470588235296	2343.2768929627446
26	I29	2003	154.28614907916665	15428.614907916664	168.36862745098037	2343.2768929627446
26	I29	2004	122.29588622794114	12229.588622794114	133.41568627450977	2343.2768929627446
26	I29	2005	134.66442894754897	13466.442894754897	146.721568627451	2343.2768929627446
26	I29	2006	130.48367948308825	13048.367948308825	142.32549019607842	2343.2768929627446
26	I29	2007	124.76461654313727	12476.461654313727	135.9294117647059	2343.2768929627446
26	I29	2008	119.71951667499997	11971.951667499996	130.56470588235297	2343.2768929627446
26	I29	2009	99.31451688700976	9931.451688700976	108.18823529411767	2343.2768929627446
26	I29	2010	107.11822339191174	10711.822339191174	116.60000000000004	2343.2768929627446
26	I29	2011	60.19709401740196	6019.709401740196	65.63137254901963	2343.2768929627446
26	I29	2012	106.68039585147052	10668.039585147053	116.13333333333334	2343.2768929627446
26	I29	2013	123.50954943676464	12350.954943676465	134.68627450980392	2343.2768929627446
26	I29	2014	69.58362592990197	6958.362592990197	75.65098039215687	2343.2768929627446
26	I29	2015	94.55906031862736	9455.906031862736	103.12156862745098	2343.2768929627446
26	I29	2016	96.41815803553918	9641.815803553918	105.00784313725491	2343.2768929627446
26	I29	2017	98.56546189901958	9856.546189901957	107.53333333333333	2343.2768929627446
26	I29	2018	127.8623450855392	12786.23450855392	139.4392156862745	2343.2768929627446
26	I29	2019	102.04975053382339	10204.975053382339	111.1921568627451	2343.2768929627446
26	I29	2020	96.82646323676465	9682.646323676465	105.64313725490197	2343.2768929627446
27	I30	2001	104.86401483553915	10486.401483553915	111.12549019607845	7959.088419956057
27	I30	2002	71.7727061174019	7177.270611740189	76.03529411764706	7959.088419956057
27	I30	2003	94.87959741323527	9487.959741323528	102.69411764705882	7959.088419956057
27	I30	2004	64.83636381127452	6483.636381127452	69.53725490196078	7959.088419956057
27	I30	2005	39.67924826249999	3967.924826249999	42.41960784313726	7959.088419956057
27	I30	2006	50.60114952622549	5060.114952622549	54.24705882352941	7959.088419956057
27	I30	2007	43.20383513553921	4320.383513553921	46.02745098039216	7959.088419956057
27	I30	2008	62.79988958137255	6279.9889581372545	67.65098039215687	7959.088419956057
27	I30	2009	76.25967038725486	7625.9670387254855	81.2235294117647	7959.088419956057
27	I30	2010	56.32554444	5632.554444	60.2156862745098	7959.088419956057
27	I30	2011	50.3481455617647	5034.81455617647	53.02745098039215	7959.088419956057
27	I30	2012	48.57299006249998	4857.2990062499985	53	7959.088419956057
27	I30	2013	56.86618617156863	5686.6186171568625	60.886274509803926	7959.088419956057
27	I30	2014	53.17392428480391	5317.392428480391	57.05882352941177	7959.088419956057
27	I30	2015	67.04740663872545	6704.740663872545	72.32549019607843	7959.088419956057
27	I30	2016	75.30588595000002	7530.588595000002	81.25098039215688	7959.088419956057
27	I30	2017	77.19060550147054	7719.0605501470545	80.7607843137255	7959.088419956057
27	I30	2018	56.68321545833335	5668.321545833335	59.57254901960784	7959.088419956057
27	I30	2019	46.975731659313716	4697.5731659313715	47.4156862745098	7959.088419956057
27	I30	2020	52.41120380759805	5241.120380759805	56.55294117647058	7959.088419956057
28	I31	2001	1189.3167178019626	118931.67178019625	1290.1803921568626	79969.21868079584
28	I31	2002	2018.1258367745113	201812.58367745113	2188.01568627451	79969.21868079584
28	I31	2003	2279.3119882764777	227931.19882764778	2472.2431372549017	79969.21868079584
28	I31	2004	1901.522711861766	190152.2711861766	2060.6705882352944	79969.21868079584
28	I31	2005	2210.7782998399534	221077.82998399535	2397.1019607843136	79969.21868079584
28	I31	2006	2008.405750268628	200840.5750268628	2180.1098039215676	79969.21868079584
28	I31	2007	1993.3716931639706	199337.16931639705	2164.1450980392156	79969.21868079584
28	I31	2008	1946.0702160879919	194607.02160879917	2113.6196078431376	79969.21868079584
28	I31	2009	1912.962930769363	191296.2930769363	2076.5254901960784	79969.21868079584
28	I31	2010	1797.306911936274	179730.6911936274	1952.1725490196077	79969.21868079584
28	I31	2011	1547.0026684642157	154700.26684642158	1681.0823529411764	79969.21868079584
28	I31	2012	2315.194149764217	231519.41497642169	2513.4705882352937	79969.21868079584
28	I31	2013	2506.4961695284337	250649.61695284338	2718.6823529411768	79969.21868079584
28	I31	2014	2361.37491015343	236137.491015343	2562.878431372548	79969.21868079584
28	I31	2015	2710.356823496329	271035.6823496329	2943.56862745098	79969.21868079584
28	I31	2016	2141.3241701404427	214132.41701404427	2325.3607843137256	79969.21868079584
28	I31	2017	2105.0088212556384	210500.88212556383	2286.760784313725	79969.21868079584
28	I31	2018	2879.311278763973	287931.1278763973	3126.4509803921574	79969.21868079584
28	I31	2019	2407.3182036651942	240731.82036651942	2615.854901960784	79969.21868079584
28	I31	2020	2101.3034137203426	210130.34137203425	2284.498039215686	79969.21868079584
29	I32	2001	205.2324061737745	20523.24061737745	216.50980392156862	2097.2619080904306
29	I32	2002	261.9063731392158	26190.637313921583	276.4039215686274	2097.2619080904306
29	I32	2003	377.6710093522055	37767.10093522055	399.9372549019608	2097.2619080904306
29	I32	2004	298.4986488671563	29849.86488671563	315.556862745098	2097.2619080904306
29	I32	2005	231.80335432450974	23180.335432450975	244.46274509803916	2097.2619080904306
29	I32	2006	210.03481413848021	21003.48141384802	220.70196078431374	2097.2619080904306
29	I32	2007	186.23670878014707	18623.670878014706	198.22745098039218	2097.2619080904306
29	I32	2008	206.4067763534315	20640.67763534315	218.09019607843138	2097.2619080904306
29	I32	2009	186.95505448725507	18695.505448725507	197.49411764705883	2097.2619080904306
29	I32	2010	224.60634626348045	22460.634626348045	235.8313725490196	2097.2619080904306
29	I32	2011	161.35965336323537	16135.965336323537	170.25098039215686	2097.2619080904306
29	I32	2012	264.9437343183824	26494.373431838238	280.1921568627451	2097.2619080904306
29	I32	2013	222.1211883259802	22212.11883259802	234.3686274509804	2097.2619080904306
29	I32	2014	202.9010593789217	20290.10593789217	214.49803921568628	2097.2619080904306
29	I32	2015	188.93078362671582	18893.078362671582	199.22745098039215	2097.2619080904306
29	I32	2016	143.06615564730404	14306.615564730404	151.43529411764706	2097.2619080904306
29	I32	2017	140.06348893553937	14006.348893553937	148.5921568627451	2097.2619080904306
29	I32	2018	185.47212844166665	18547.212844166665	196.4941176470588	2097.2619080904306
29	I32	2019	150.1702049686275	15017.02049686275	159.2	2097.2619080904306
29	I32	2020	152.72131472720605	15272.131472720605	160.5058823529412	2097.2619080904306
30	I33	2001	130.8172917612744	13081.72917612744	139.06666666666666	4932.2818987970595
30	I33	2002	182.18927684093134	18218.927684093134	193.6705882352941	4932.2818987970595
30	I33	2003	243.00926520539196	24300.926520539197	258.29411764705884	4932.2818987970595
30	I33	2004	193.42853253799012	19342.85325379901	205.64313725490197	4932.2818987970595
30	I33	2005	164.41041562205862	16441.04156220586	174.7921568627451	4932.2818987970595
30	I33	2006	153.339066620098	15333.9066620098	163.0392156862745	4932.2818987970595
30	I33	2007	165.89168256249985	16589.168256249985	176.37254901960782	4932.2818987970595
30	I33	2008	144.64923343897055	14464.923343897055	153.8078431372549	4932.2818987970595
30	I33	2009	106.85070661200976	10685.070661200976	113.58431372549019	4932.2818987970595
30	I33	2010	85.88475453235291	8588.47545323529	91.34117647058825	4932.2818987970595
30	I33	2011	88.32325140955882	8832.325140955882	93.89803921568628	4932.2818987970595
30	I33	2012	143.3452004803921	14334.520048039209	152.4156862745098	4932.2818987970595
30	I33	2013	101.65103314950981	10165.103314950982	108.06666666666666	4932.2818987970595
30	I33	2014	123.72332924877448	12372.332924877448	131.54117647058823	4932.2818987970595
30	I33	2015	96.3548028835784	9635.48028835784	102.43529411764706	4932.2818987970595
30	I33	2016	91.62469479754897	9162.469479754896	97.41960784313724	4932.2818987970595
30	I33	2017	90.86028510049019	9086.028510049018	96.58039215686276	4932.2818987970595
30	I33	2018	138.44610588259812	13844.610588259811	147.20392156862746	4932.2818987970595
30	I33	2019	99.59979596053924	9959.979596053923	105.87058823529411	4932.2818987970595
30	I33	2020	79.21097887745096	7921.097887745095	84.17647058823529	4932.2818987970595
31	II01	2001	209.41209512205887	20941.20951220589	314.2509803921568	20596.943496679494
31	II01	2002	120.1006175492647	12010.06175492647	178.95686274509802	20596.943496679494
31	II01	2003	198.3639881477941	19836.398814779408	296.8980392156863	20596.943496679494
31	II01	2004	228.74627915759814	22874.627915759815	343.0901960784313	20596.943496679494
31	II01	2005	162.22105363406868	16222.105363406868	242.8235294117647	20596.943496679494
31	II01	2006	243.26359300343142	24326.35930034314	365.34117647058827	20596.943496679494
31	II01	2007	189.91783302696084	18991.783302696083	287.9254901960784	20596.943496679494
31	II01	2008	173.0967198399509	17309.67198399509	256.9725490196078	20596.943496679494
31	II01	2009	160.2059725365196	16020.59725365196	240.10588235294117	20596.943496679494
31	II01	2010	114.33387114215685	11433.387114215686	170.94901960784316	20596.943496679494
31	II01	2011	87.31694787083335	8731.694787083334	131.41960784313727	20596.943496679494
31	II01	2012	205.322492432353	20532.2492432353	306.7882352941177	20596.943496679494
31	II01	2013	264.8727883828432	26487.27883828432	399.10588235294125	20596.943496679494
31	II01	2014	241.4525911299021	24145.25911299021	366.54509803921565	20596.943496679494
31	II01	2015	178.62079546372559	17862.07954637256	269.72549019607845	20596.943496679494
31	II01	2016	243.4590337830884	24345.903378308838	367.7372549019609	20596.943496679494
31	II01	2017	250.48624088651934	25048.624088651934	377.73333333333335	20596.943496679494
31	II01	2018	199.6623740352942	19966.23740352942	297.5019607843137	20596.943496679494
31	II01	2019	116.17623010416669	11617.62301041667	175.12156862745093	20596.943496679494
31	II01	2020	108.552772529902	10855.2772529902	162.4078431372549	20596.943496679494
32	II05	2001	81.69787904044112	8169.787904044112	121.45490196078431	11397.166114440628
32	II05	2002	46.865227937500016	4686.522793750001	70	11397.166114440628
32	II05	2003	102.49023115588228	10249.023115588228	151.82745098039214	11397.166114440628
32	II05	2004	95.60200573357835	9560.200573357835	141.18823529411765	11397.166114440628
32	II05	2005	129.03465015147046	12903.465015147045	191.49411764705883	11397.166114440628
32	II05	2006	99.3523046262255	9935.23046262255	147.92549019607844	11397.166114440628
32	II05	2007	200.38289517132338	20038.28951713234	299.61176470588236	11397.166114440628
32	II05	2008	107.55352105563725	10755.352105563725	160.9764705882353	11397.166114440628
32	II05	2009	90.05319454264705	9005.319454264705	134.10980392156864	11397.166114440628
32	II05	2010	91.93511440833336	9193.511440833336	137.5450980392157	11397.166114440628
32	II05	2011	86.01343973088237	8601.343973088236	128.09411764705882	11397.166114440628
32	II05	2012	160.45384212205877	16045.384212205878	238.73333333333335	11397.166114440628
32	II05	2013	120.63022671421561	12063.02267142156	179.19607843137254	11397.166114440628
32	II05	2014	111.49826600392149	11149.826600392149	164.97254901960787	11397.166114440628
32	II05	2015	181.52010460441164	18152.010460441164	269.09019607843135	11397.166114440628
32	II05	2016	159.40277384828423	15940.277384828423	236.23921568627452	11397.166114440628
32	II05	2017	119.66183189534306	11966.183189534306	177.6156862745098	11397.166114440628
32	II05	2018	127.00783689215673	12700.783689215674	188.03921568627453	11397.166114440628
32	II05	2019	105.23041963627436	10523.041963627436	155.66666666666666	11397.166114440628
32	II05	2020	109.5300277656862	10953.002776568619	161.9686274509804	11397.166114440628
33	II07	2001	142.3353006801471	14233.53006801471	196.13333333333333	26578.430483950622
33	II07	2002	205.10943042279405	20510.943042279403	282.10196078431375	26578.430483950622
33	II07	2003	477.2987081031858	47729.87081031858	655.0901960784313	26578.430483950622
33	II07	2004	457.54628505980395	45754.62850598039	628.7882352941176	26578.430483950622
33	II07	2005	468.0928655487741	46809.28655487741	645.2156862745098	26578.430483950622
33	II07	2006	494.16048227745057	49416.04822774506	679.3921568627451	26578.430483950622
33	II07	2007	991.4924755049038	99149.24755049039	1364.698039215686	26578.430483950622
33	II07	2008	527.5185188218139	52751.85188218139	725.4549019607844	26578.430483950622
33	II07	2009	397.43634653504887	39743.63465350489	546.9921568627451	26578.430483950622
33	II07	2010	337.4337703399509	33743.37703399509	464.47058823529414	26578.430483950622
33	II07	2011	267.7048828622549	26770.488286225493	367.7607843137255	26578.430483950622
33	II07	2012	538.534199969363	53853.4199969363	740.3215686274509	26578.430483950622
33	II07	2013	815.7415177877449	81574.1517787745	1122.1333333333332	26578.430483950622
33	II07	2014	383.881983505147	38388.1983505147	528.1529411764706	26578.430483950622
33	II07	2015	353.93111674681364	35393.111674681364	487.52156862745096	26578.430483950622
33	II07	2016	435.4310676661763	43543.10676661763	600.5803921568627	26578.430483950622
33	II07	2017	549.8399297085779	54983.992970857784	756.6627450980393	26578.430483950622
33	II07	2018	400.33655993382376	40033.655993382374	551.0588235294117	26578.430483950622
33	II07	2019	436.76800678995073	43676.800678995074	601.9764705882353	26578.430483950622
33	II07	2020	494.06609636715655	49406.60963671566	680.1294117647059	26578.430483950622
34	III07	2001	417.95014465759823	41795.01446575982	485.84313725490193	146177.97246836315
34	III07	2002	421.30817249999996	42130.81724999999	490.5333333333333	146177.97246836315
34	III07	2003	387.86239238088234	38786.23923808824	451.3333333333333	146177.97246836315
34	III07	2004	323.78411268014713	32378.411268014712	376.64705882352945	146177.97246836315
34	III07	2005	380.32570925514733	38032.57092551473	441.89803921568625	146177.97246836315
34	III07	2006	328.19241552352935	32819.241552352934	381.25882352941176	146177.97246836315
34	III07	2007	483.75643215980404	48375.6432159804	563.6666666666666	146177.97246836315
34	III07	2008	640.4114361311276	64041.14361311276	746.1058823529412	146177.97246836315
34	III07	2009	343.0123340887256	34301.23340887256	398.45098039215685	146177.97246836315
34	III07	2010	401.53188609289236	40153.18860928924	466.79999999999995	146177.97246836315
34	III07	2011	340.0907051497551	34009.07051497551	394.8	146177.97246836315
34	III07	2012	444.5320670796566	44453.20670796566	516.6392156862745	146177.97246836315
34	III07	2013	516.5908720308828	51659.08720308828	599.9803921568626	146177.97246836315
34	III07	2014	379.56009914264723	37956.00991426472	440.2117647058823	146177.97246836315
34	III07	2015	434.5252919784314	43452.52919784314	504.69803921568626	146177.97246836315
34	III07	2016	397.6366570509805	39763.66570509805	461.9843137254902	146177.97246836315
34	III07	2017	530.9172758571078	53091.72758571078	617.1411764705881	146177.97246836315
34	III07	2018	542.4861129872544	54248.61129872544	629.5254901960784	146177.97246836315
34	III07	2019	402.10119497181387	40210.11949718139	467.0039215686274	146177.97246836315
34	III07	2020	428.94796447573526	42894.79644757353	498.74509803921575	146177.97246836315
35	III09	2001	267.8200058007353	26782.00058007353	305.5960784313725	67426.37878778628
35	III09	2002	252.67772220367655	25267.772220367657	288.46666666666664	67426.37878778628
35	III09	2003	243.6357738257353	24363.57738257353	277.57254901960783	67426.37878778628
35	III09	2004	238.28291298063726	23828.291298063727	271.25098039215686	67426.37878778628
35	III09	2005	289.56356038725477	28956.356038725477	329.80392156862746	67426.37878778628
35	III09	2006	271.14289142671583	27114.289142671583	309.6196078431372	67426.37878778628
35	III09	2007	285.0378751095591	28503.78751095591	325.2980392156863	67426.37878778628
35	III09	2008	281.8798313473038	28187.98313473038	321.2	67426.37878778628
35	III09	2009	245.23841225147055	24523.841225147055	279.5019607843137	67426.37878778628
35	III09	2010	317.76674580759794	31776.674580759794	362.41960784313727	67426.37878778628
35	III09	2011	339.0665925745094	33906.65925745094	385.67058823529413	67426.37878778628
35	III09	2012	403.0491855617641	40304.91855617641	459.0823529411765	67426.37878778628
35	III09	2013	266.3630420789215	26636.304207892153	302.65098039215684	67426.37878778628
35	III09	2014	290.2076868041666	29020.76868041666	330.3450980392157	67426.37878778628
35	III09	2015	283.5303019433825	28353.030194338247	323.4666666666667	67426.37878778628
35	III09	2016	242.3449660737745	24234.49660737745	276.09411764705885	67426.37878778628
35	III09	2017	322.8218508720585	32282.185087205853	368.09411764705885	67426.37878778628
35	III09	2018	362.17299454828435	36217.29945482843	412.8941176470588	67426.37878778628
35	III09	2019	314.39867989240184	31439.867989240185	358.12549019607843	67426.37878778628
35	III09	2020	236.50674365245084	23650.674365245082	268.91372549019616	67426.37878778628
