eco_id,year,pixel_count,area_hectares,cumulative_area,moving_avg_5yr,normalized_area,z_score_area,annual_change_rate,annual_change
1,2001,155477.1451,13992.94306,13992.94306,13992.94306,0.060293647,-0.430494119,,
1,2002,50545,4549.05,18541.99306,9270.996529,0.015735026,-0.612071496,-67.49039869,-9443.893059
1,2003,1376506.949,123885.6254,142427.6185,47475.87282,0.57879447,1.682408348,2623.329605,119336.5754
1,2004,22968.34902,2067.151412,144494.7699,36123.69247,0.004024816,-0.659790866,-98.33140334,-121818.474
1,2005,67366.48235,6062.983412,150557.7533,30111.55066,0.022878138,-0.582963155,193.3013701,3995.832
1,2006,794905.1608,71541.46447,222099.2178,41621.25494,0.331821787,0.675989135,1079.971305,65478.48106
1,2007,31771,2859.39,224958.6078,41283.32294,0.007762793,-0.644558525,-96.003171,-68682.07447
1,2008,295495.3922,26594.58529,251553.1931,21825.11492,0.119751308,-0.188202818,830.0789782,23735.19529
1,2009,969546.4078,87259.17671,338812.3698,38863.51998,0.405981837,0.978192997,228.1088076,60664.59141
1,2010,248709.3765,22383.84388,361196.2136,42127.69207,0.09988399,-0.269162585,-74.34786262,-64875.33282
1,2011,91034.7098,8193.123882,369389.3375,29458.02395,0.032928667,-0.542007024,-63.3971541,-14190.72
1,2012,386707.5059,34803.67553,404193.0131,35846.88106,0.158483824,-0.03036695,324.7912766,26610.55165
1,2013,2368413.776,213157.2399,617350.2529,73159.41198,1,3.398830318,512.4561175,178353.5644
1,2014,39698.8,3572.892,620923.1449,56422.15504,0.011129272,-0.630840049,-98.32382329,-209584.3479
1,2015,44194.12941,3977.471647,624900.6166,52740.88059,0.013038178,-0.623061211,11.32359016,404.5796471
1,2016,1203159.592,108284.3633,733184.9799,72759.12847,0.505183861,1.382443468,2622.442117,104306.8916
1,2017,227543.6549,20478.92894,753663.9088,69894.17915,0.09089613,-0.305788313,-81.08782439,-87805.43435
1,2018,699153.9765,62923.85788,816587.7667,39847.50275,0.291161791,0.510298738,207.2614689,42444.92894
1,2019,43930,3953.7,820541.4667,39923.66435,0.012926018,-0.623518268,-93.71669168,-58970.15788
1,2020,431477.3882,38832.96494,859374.4316,46894.76301,0.177495006,0.047104046,882.1930076,34879.26494
1,2021,13490.21569,1214.119412,860588.5511,25480.71424,0,-0.676192081,-96.87348258,-37618.84553
1,2022,29051.19608,2614.607647,863203.1587,21907.84998,0.006607849,-0.649264946,115.350123,1400.488235
1,2023,42070,3786.3,866989.4587,10080.3384,0.012136183,-0.626736861,44.8133147,1171.692353
1,2024,68935.67451,6204.210706,873193.6694,10530.44054,0.023544483,-0.580247783,63.85945926,2417.910706
2,2001,247925.0196,22313.25176,22313.25176,22313.25176,0.261780693,0.234083501,,
2,2002,8183,736.47,23049.72176,11524.86088,0.002026597,-0.696948833,-96.69940532,-21576.78176
2,2003,456329.5294,41069.65765,64119.37941,21373.12647,0.487581432,1.043417374,5476.555413,40333.18765
2,2004,16948.36078,1525.352471,65644.73188,16411.18297,0.011523632,-0.662908767,-96.28593819,-39544.30518
2,2005,34108.17647,3069.735882,68714.46776,13742.89355,0.030115835,-0.596269037,101.2476422,1544.383412
2,2006,57211.2549,5149.012941,73863.48071,10310.04579,0.055147406,-0.506548791,67.73472176,2079.277059
2,2007,13017.21176,1171.549059,75035.02976,10397.0616,0.007264336,-0.678175289,-77.24711372,-3977.463882
2,2008,63849.97647,5746.497882,80781.52765,3332.429647,0.062340284,-0.480767477,390.5042464,4574.948824
2,2009,267868.5725,24108.17153,104889.6992,7848.993459,0.283389002,0.311533807,319.5280678,18361.67365
2,2010,14172,1275.48,106165.1792,7490.142282,0.008515519,-0.673690697,-94.70934576,-22832.69153
2,2011,153222.7216,13790.04494,119955.2241,9218.348682,0.159173274,-0.133690583,981.1651254,12514.56494
2,2012,488618.1569,43975.63412,163930.8582,17779.16569,0.5225653,1.168809478,218.8940595,30185.58918
2,2013,41706.01961,3753.541765,167684.4,17380.57447,0.038347896,-0.566762997,-91.46449656,-40222.09235
2,2014,9399.341176,845.9407059,168530.3407,12728.12831,0.00334447,-0.692225202,-77.46286684,-2907.601059
2,2015,64911.88627,5842.069765,174372.4105,13641.44626,0.063490835,-0.476643576,590.6003842,4996.129059
2,2016,36053.3451,3244.801059,177617.2115,11532.39748,0.032223374,-0.588715022,-44.45802276,-2597.268706
2,2017,652930.4039,58763.73635,236380.9479,14490.01793,0.700593246,1.806912115,1711.011994,55518.93529
2,2018,639102.1922,57519.19729,293900.1452,25243.14904,0.685610747,1.753210589,-2.117869176,-1244.539059
2,2019,929270.1451,83634.31306,377534.4582,41800.82351,1,2.880070816,45.40243431,26115.11576
2,2020,27144.41176,2442.997059,379977.4553,41121.00896,0.022570782,-0.623312649,-97.07895364,-81191.316
2,2021,30635,2757.15,382734.6053,41023.47875,0.026352741,-0.609757034,12.85932539,314.1529412
2,2022,6312.537255,568.1283529,383302.7336,29384.35715,0,-0.70421273,-79.39436183,-2189.021647
2,2023,222145.7647,19993.11882,403295.8525,21879.14146,0.233849557,0.133970388,3419.120058,19424.99047
2,2024,22492.20392,2024.298353,405320.1508,5557.138518,0.017530238,-0.641379386,-89.87502465,-17968.82047
3,2001,40736.86275,3666.317647,3666.317647,3666.317647,0.111077414,-0.07171089,,
3,2002,1213.741176,109.2367059,3775.554353,1887.777176,0,-0.574287192,-97.02053351,-3557.080941
3,2003,36509.31765,3285.838588,7061.392941,2353.797647,0.099196147,-0.125468385,2907.998604,3176.601882
3,2004,9783,880.47,7941.862941,1985.465735,0.024083399,-0.465320435,-73.20410068,-2405.368588
3,2005,47360.2,4262.418,12204.28094,2440.856188,0.129691915,0.012511514,384.1071246,3381.948
3,2006,7351.32549,661.6192941,12865.90024,1839.916518,0.017249321,-0.496241626,-84.47784112,-3600.798706
3,2007,3964,356.76,13222.66024,1889.421176,0.007729441,-0.539314881,-46.07775148,-304.8592941
3,2008,13630.70588,1226.763529,14449.42376,1477.606165,0.034897151,-0.416392979,243.8624087,870.0035294
3,2009,30747.6902,2767.292118,17216.71588,1854.970588,0.083003431,-0.198733281,125.5766536,1540.528588
3,2010,9388.235294,844.9411765,18061.65706,1171.475224,0.022973936,-0.470340266,-69.46686,-1922.350941
3,2011,41011.81961,3691.063765,21752.72082,1777.364118,0.111850164,-0.068214537,336.8426901,2846.122588
3,2012,129898.7686,11690.88918,33443.61,4044.189953,0.361661719,1.062072555,216.7349556,7999.825412
3,2013,10895,980.55,34424.16,3994.947247,0.02720861,-0.451180235,-91.61269955,-10710.33918
3,2014,23230.92549,2090.783294,36514.94329,3859.645482,0.061878005,-0.294316516,113.2255667,1110.233294
3,2015,11604.54118,1044.408706,37559.352,3899.538988,0.029202734,-0.442157704,-50.04701306,-1046.374588
3,2016,39693.88627,3572.449765,41131.80176,3875.816188,0.10814619,-0.084973387,242.0547669,2528.041059
3,2017,29322.38431,2639.014588,43770.81635,2065.441271,0.078997692,-0.216857481,-26.12871385,-933.4351765
3,2018,357029.7451,32132.67706,75903.49341,8295.866682,1,3.950271707,1117.601343,29493.66247
3,2019,25519,2296.71,78200.20341,8337.052024,0.068308504,-0.265221344,-92.85241626,-29835.96706
3,2020,5479,493.11,78693.31341,8226.792282,0.01198726,-0.52005013,-78.52972295,-1803.6
3,2021,14893.25098,1340.392588,80033.706,7780.380847,0.03844546,-0.400338446,171.8242559,847.2825882
3,2022,9347.929412,841.3136471,80875.01965,7420.840659,0.022860659,-0.470852796,-37.23378849,-499.0789412
3,2023,23527.59608,2117.483647,82992.50329,1417.801976,0.06271178,-0.290544051,151.6877807,1276.17
3,2024,190891.8314,17180.26482,100172.7681,4394.512941,0.533079142,1.837660785,711.3528927,15062.78118
4,2001,204029.298,18362.63682,18362.63682,18362.63682,0.190128199,-0.156242114,,
4,2002,13548,1219.32,19581.95682,9790.978412,0,-0.950695659,-93.35977718,-17143.31682
4,2003,114366.6706,10293.00035,29874.95718,9958.319059,0.100631781,-0.530204246,744.1590684,9073.680353
4,2004,640686.6196,57661.79576,87536.75294,21884.18824,0.625976081,1.664954824,460.2039618,47368.79541
4,2005,104747.2078,9427.248706,96964.00165,19392.80033,0.09103015,-0.570324805,-83.65078891,-48234.54706
4,2006,47482.74902,4273.447412,101237.4491,16574.96245,0.033871844,-0.809161651,-54.66919835,-5153.801294
4,2007,42935.75294,3864.217765,105101.6668,17103.942,0.029333276,-0.828126122,-9.576101157,-409.2296471
4,2008,129297.0745,11636.73671,116738.4035,17372.68927,0.115534508,-0.467932976,201.1408108,7772.518941
4,2009,210294.3961,18926.49565,135664.8992,9625.629247,0.196381684,-0.130111836,62.64435748,7289.758941
4,2010,144127.9373,12971.51435,148636.4135,10334.48238,0.130337879,-0.406076869,-31.46372897,-5954.981294
4,2011,129262.4431,11633.61988,160270.0334,11806.51687,0.115499941,-0.468077415,-10.31409621,-1337.894471
4,2012,1015405.161,91386.46447,251656.4979,29310.96621,1,3.227819401,685.537652,79752.84459
4,2013,188226.7098,16940.40388,268596.9018,30371.69965,0.174354905,-0.222151064,-81.46289609,-74446.06059
4,2014,107691.7255,9692.255294,278289.1571,28524.85158,0.09396921,-0.558043902,-42.78616164,-7248.148588
4,2015,122218.8275,10999.69447,289288.8515,28130.4876,0.108469382,-0.497454711,13.48952475,1307.439176
4,2016,100481.6549,9043.348941,298332.2005,27612.43341,0.086772504,-0.588115443,-17.78545336,-1956.345529
4,2017,159042.6118,14313.83506,312646.0355,12197.90753,0.145224906,-0.343871203,58.2802472,5270.486118
4,2018,547375.0275,49263.75247,361909.788,18662.57725,0.532837463,1.275773703,244.1687868,34949.91741
4,2019,251992.3294,22679.30965,384589.0976,21259.98812,0.238002321,0.043800623,-53.96349545,-26584.44282
4,2020,328246.0275,29542.14247,414131.2401,24968.47772,0.314114666,0.361837203,30.26032507,6862.832824
4,2021,632103.9882,56889.35894,471020.5991,34537.67972,0.61740936,1.629158649,92.5701868,27347.21647
4,2022,47972,4317.48,475338.0791,32538.40871,0.034360188,-0.807121098,-92.41074239,-52571.87894
4,2023,187800.7961,16902.07165,492240.1507,26066.07254,0.173929781,-0.223927452,291.4800218,12584.59165
4,2024,326437.4784,29379.37306,521619.5238,27406.08522,0.31230947,0.354294163,73.82113668,12477.30141
5,2001,107491.8706,9674.268353,9674.268353,9674.268353,0.499200324,1.606134046,,
5,2002,2528,227.52,9901.788353,4950.894176,0,-0.642559485,-97.64819424,-9446.748353
5,2003,32733.86275,2946.047647,12847.836,4282.612,0.143656826,0.00455583,1194.852166,2718.527647
5,2004,23898.63137,2150.876824,14998.71282,3749.678206,0.101637126,-0.184725754,-26.99110533,-795.1708235
5,2005,5388.670588,484.9803529,15483.69318,3096.738635,0.013605136,-0.581273907,-77.45196993,-1665.896471
5,2006,9328.058824,839.5252941,16323.21847,1329.790024,0.032340572,-0.496878421,73.10501117,354.5449412
5,2007,2697,242.73,16565.94847,1332.832024,0.000803751,-0.638938913,-71.08723207,-596.7952941
5,2008,12058,1085.22,17651.16847,960.6664941,0.045323968,-0.438393525,347.0893585,842.49
5,2009,25113.38431,2260.204588,19911.37306,982.5320471,0.1074144,-0.158701493,108.2715568,1174.984588
5,2010,10418.54902,937.6694118,20849.04247,1073.069859,0.037526861,-0.473516304,-58.51395858,-1322.535176
5,2011,19217.90196,1729.611176,22578.65365,1251.087035,0.079375926,-0.285003362,84.45852608,791.9417647
5,2012,8079.176471,727.1258824,23305.77953,1347.966212,0.02640098,-0.523633853,-57.96015357,-1002.485294
5,2013,16187.92941,1456.913647,24762.69318,1422.304941,0.064965603,-0.349915981,100.3660827,729.7877647
5,2014,18187.71765,1636.894588,26399.58776,1297.642941,0.074476447,-0.307073516,12.35357645,179.9809412
5,2015,29997.93333,2699.814,29099.40176,1650.071859,0.13064495,-0.054057355,64.93511674,1062.919412
5,2016,21557.3098,1940.157882,31039.55965,1692.1812,0.090501975,-0.234885057,-28.13735012,-759.6561176
5,2017,51706.64314,4653.597882,35693.15753,2477.4756,0.233889951,0.411019199,139.8566593,2713.44
5,2018,91335.80784,8220.222706,43913.38024,3830.137412,0.422363297,1.260014628,76.64230803,3566.624824
5,2019,212792.0275,19151.28247,63064.66271,7333.014988,1,3.862032005,132.9776596,10931.05976
5,2020,2976,267.84,63332.50271,6846.620188,0.002130655,-0.632961756,-98.60145136,-18883.44247
5,2021,9276,834.84,64167.34271,6625.556612,0.032092984,-0.497993703,211.6935484,567
5,2022,8024,722.16,64889.50271,5839.269035,0.026138565,-0.524815926,-13.49719707,-112.68
5,2023,48000.64706,4320.058235,69209.56094,5059.236141,0.216264511,0.331623791,498.2134479,3597.898235
5,2024,11513.84706,1036.246235,70245.80718,1436.228894,0.042736017,-0.450051186,-76.01314198,-3283.812
6,2001,458139.9216,41232.59294,41232.59294,41232.59294,0.377055117,0.831726633,,
6,2002,1428,128.52,41361.11294,20680.55647,0,-0.571614852,-99.68830483,-41104.07294
6,2003,69620.74118,6265.866706,47626.97965,15875.65988,0.056298995,-0.362078603,4775.402043,6137.346706
6,2004,13511.83137,1216.064824,48843.04447,12210.76112,0.009976246,-0.53448479,-80.5922328,-5049.801882
6,2005,31529.65882,2837.669294,51680.71376,10336.14275,0.024851518,-0.479121303,133.3485222,1621.604471
6,2006,491556.051,44240.04459,95920.75835,10937.63308,0.404643017,0.934404576,1459.027498,41402.37529
6,2007,8676,780.84,96701.59835,11068.09708,0.00598385,-0.549343878,-98.23499274,-43459.20459
6,2008,50659.96863,4559.397176,101260.9955,10726.80318,0.04064524,-0.420339484,483.9092742,3778.557176
6,2009,1212688.373,109141.9535,210402.9491,32311.98092,1,3.150232224,2293.780347,104582.5564
6,2010,1869,168.21,210571.1591,31778.08906,0.000364084,-0.570259788,-99.84587961,-108973.7435
6,2011,23562.76078,2120.648471,212691.8075,23354.20984,0.018274156,-0.503601238,1160.714863,1952.438471
6,2012,198945.6863,17905.11176,230596.9193,26779.06419,0.163067901,0.035298938,744.3224803,15784.46329
6,2013,11968.73725,1077.186353,231674.1056,26082.62202,0.008702289,-0.539226265,-93.98391718,-16827.92541
6,2014,2355,211.95,231886.0556,4296.621318,0.000765319,-0.568766453,-80.32373884,-865.2363529
6,2015,7036,633.24,232519.2956,4389.627318,0.004629888,-0.554383116,198.7685775,421.29
6,2016,26441.77255,2379.759529,234899.0552,4441.449529,0.020651029,-0.494754882,275.8068867,1746.519529
6,2017,150119.0431,13510.71388,248409.7691,3562.569953,0.122757292,-0.114730984,467.7344167,11130.95435
6,2018,254984.0706,22948.56635,271358.3354,7936.845953,0.209332425,0.20748842,69.85458024,9437.852471
6,2019,154488.298,13903.94682,285262.2822,10675.24532,0.126364489,-0.101305548,-39.41256892,-9044.619529
6,2020,1082908.086,97461.72776,382724.01,30040.94287,0.89285517,2.751455553,600.9644743,83557.78094
6,2021,108715.9961,9784.439647,392508.4496,31521.87889,0.088575502,-0.241950377,-89.96073652,-87677.28812
6,2022,105157.1451,9464.143059,401972.5927,30712.56473,0.085637364,-0.25288568,-3.273530215,-320.2965882
6,2023,21956.7451,1976.107059,403948.6998,26518.07287,0.016948251,-0.508536053,-79.12006352,-7488.036
6,2024,10668,960.12,404908.8198,23929.30751,0.007628418,-0.543223048,-51.41356357,-1015.987059
7,2001,3353,301.77,301.77,301.77,0.157762609,-0.682269367,,
7,2002,114,10.26,312.03,156.015,0,-1.255153739,-96.60005965,-291.51
7,2003,2634,237.06,549.09,183.03,0.122742135,-0.809439439,2210.526316,226.8
7,2004,5670.698039,510.3628235,1059.452824,264.8632059,0.270651183,-0.272336368,115.2884601,273.3028235
7,2005,2125,191.25,1250.702824,250.1405647,0.097950172,-0.899466653,-62.52665923,-319.1128235
7,2006,2227,200.43,1451.132824,229.8725647,0.102918306,-0.881425836,4.8,9.18
7,2007,2628.2,236.538,1687.670824,275.1281647,0.122459633,-0.810465289,18.01526718,36.108
7,2008,4907.505882,441.6755294,2129.346353,316.0512706,0.233478232,-0.40732274,86.7249784,205.1375294
7,2009,14097.0902,1268.738118,3398.084471,467.7263294,0.68107712,1.218045966,187.2556964,827.0625882
7,2010,7581.003922,682.2903529,4080.374824,565.9344,0.363696827,0.065540874,-46.22291681,-586.4477647
7,2011,19399.89412,1745.990471,5826.365294,875.0464941,0.939361833,2.155956893,155.9013861,1063.700118
7,2012,6631.588235,596.8429412,6423.208235,947.1074824,0.31745345,-0.102382994,-65.81636892,-1149.147529
7,2013,7019,631.71,7054.918235,985.1143765,0.336323191,-0.033861183,5.841915254,34.86705882
7,2014,20644.84706,1858.036235,8912.954471,1102.974,1,2.376152658,194.128039,1226.326235
7,2015,6477.243137,582.9518824,9495.906353,1083.106306,0.309935733,-0.129682128,-68.62537601,-1275.084353
7,2016,4462.654902,401.6389412,9897.545294,814.236,0.211810788,-0.486003868,-31.10255695,-181.3129412
7,2017,14194.82353,1277.534118,11175.07941,950.3742353,0.685837437,1.235332134,218.0802424,875.8951765
7,2018,4126.082353,371.3474118,11546.42682,898.3017176,0.195417283,-0.545533708,-70.93248574,-906.1867059
7,2019,14819.57255,1333.761529,12880.18835,793.4467765,0.71626721,1.345831964,259.1681232,962.4141176
7,2020,7184.796078,646.6316471,13526.82,806.1827294,0.344398653,-0.004536706,-51.51819626,-687.1298824
7,2021,3353.341176,301.8007059,13828.62071,786.2150824,0.157779227,-0.682209023,-53.32726023,-344.8309412
7,2022,2351.356863,211.6221176,14040.24282,573.0326824,0.10897538,-0.859430744,-29.88017804,-90.17858824
7,2023,4887.760784,439.8984706,14480.14129,586.7428941,0.232516504,-0.41081507,107.869799,228.2763529
7,2024,12160.24314,1094.421882,15574.56318,538.8749647,0.58673873,0.875474366,148.7896539,654.5234118
8,2001,35929.22353,3233.630118,3233.630118,3233.630118,0.195271571,-0.189659852,,
8,2002,923,83.07,3316.700118,1658.350059,0,-1.020762412,-97.43106054,-3150.560118
8,2003,5757.137255,518.1423529,3834.842471,1278.280824,0.026965764,-0.905992424,523.7418478,435.0723529
8,2004,17513.17255,1576.185529,5411.028,1352.757,0.092543232,-0.626885738,204.1993229,1058.043176
8,2005,26496.66667,2384.7,7795.728,1559.1456,0.142654922,-0.413603521,51.295641,808.5144706
8,2006,59163.6549,5324.728941,13120.45694,1977.365365,0.32487778,0.36196193,123.2871615,2940.028941
8,2007,28207.4,2538.666,15659.12294,2468.484565,0.152197727,-0.372988033,-52.32309423,-2786.062941
8,2008,13874.83529,1248.735176,16907.85812,2614.603129,0.072247874,-0.713265562,-50.81136406,-1289.930824
8,2009,20396.26667,1835.664,18743.52212,2666.498824,0.108625696,-0.55843657,47.00186513,586.9288235
8,2010,26031,2342.79,21086.31212,2658.116824,0.140057342,-0.424659177,27.62629762,507.126
8,2011,58351.84314,5251.665882,26337.978,2643.504212,0.320349335,0.342688248,124.1628948,2908.875882
8,2012,25677.19216,2310.947294,28648.92529,2597.960471,0.138083732,-0.433059129,-55.99591928,-2940.718588
8,2013,22474.51765,2022.706588,30671.63188,2752.754753,0.120218587,-0.509095637,-12.47283772,-288.2407059
8,2014,27275.21176,2454.769059,33126.40094,2876.575765,0.146997799,-0.395119642,21.36061024,432.0624706
8,2015,39963.81569,3596.743412,36723.14435,3127.366447,0.217777316,-0.093872316,46.52064311,1141.974353
8,2016,46372.49804,4173.524824,40896.66918,2911.738235,0.253526202,0.058279838,16.03621237,576.7814118
8,2017,35236.99608,3171.329647,44067.99882,3083.814706,0.191410191,-0.206094415,-24.01315959,-1002.195176
8,2018,22533.54902,2028.019412,46096.01824,3084.877271,0.120547875,-0.50769414,-36.05144726,-1143.310235
8,2019,88087.50588,7927.875529,54023.89376,4179.498565,0.486220686,1.048659442,290.9171423,5899.856118
8,2020,59510.71765,5355.964588,59379.85835,4531.3428,0.326813764,0.370201743,-32.44136379,-2571.910941
8,2021,46561.50196,4190.535176,63570.39353,4534.744871,0.254580503,0.062767087,-21.75946821,-1165.429412
8,2022,18927.33333,1703.46,65273.85353,4241.170941,0.100431698,-0.593311347,-59.3498222,-2487.075176
8,2023,148568.251,13371.14259,78644.99612,6509.795576,0.823594128,2.484567034,684.9402151,11667.68259
8,2024,180192.4314,16217.31882,94862.31494,8167.684235,1,3.235374594,21.28596129,2846.176235
9,2001,4873,438.57,438.57,438.57,0.488213857,0.892356371,,
9,2002,83,7.47,446.04,223.02,0.000339908,-1.063654591,-98.29673712,-431.1
9,2003,79.6627451,7.169647059,453.2096471,151.0698824,0,-1.065017369,-4.020789036,-0.300352941
9,2004,497,44.73,497.9396471,124.4849118,0.042506884,-0.894596441,523.8800827,37.56035294
9,2005,314,28.26,526.1996471,105.2399294,0.023867858,-0.969325043,-36.82092555,-16.47
9,2006,2684.313725,241.5882353,767.7878824,65.84357647,0.265290472,-0.001400277,754.8769826,213.3282353
9,2007,746,67.14,834.9278824,77.77757647,0.067868181,-0.792916539,-72.20891161,-174.4482353
9,2008,448,40.32,875.2478824,84.40764706,0.037516107,-0.914605739,-39.9463807,-26.82
9,2009,1163,104.67,979.9178824,96.39564706,0.110340715,-0.62263333,159.5982143,64.35
9,2010,1644,147.96,1127.877882,120.3356471,0.159331815,-0.426215528,41.35855546,43.29
9,2011,1996.894118,179.7204706,1307.598353,107.9620941,0.195274998,-0.282110149,21.46557893,31.76047059
9,2012,9897.772549,890.7995294,2198.397882,272.694,1,2.944237411,395.6583557,711.0790588
9,2013,5176.235294,465.8611765,2664.259059,357.8022353,0.51909916,1.016183419,-47.70302845,-424.9383529
9,2014,885.6823529,79.71141176,2743.970471,352.8105176,0.082095192,-0.735876828,-82.88944952,-386.1497647
9,2015,3241.368627,291.7231765,3035.693647,381.5631529,0.322027961,0.226074774,265.9741686,212.0117647
9,2016,5977.87451,538.0087059,3573.702353,453.2208,0.600748197,1.343535213,84.42439589,246.2855294
9,2017,2107.564706,189.6808235,3763.383176,312.9970588,0.206547085,-0.236917481,-64.74391186,-348.3278824
9,2018,1339,120.51,3883.893176,243.9268235,0.128266772,-0.550763199,-36.46695657,-69.17082353
9,2019,3305.8,297.522,4181.415176,287.4889412,0.328590464,0.252385519,146.8857356,177.012
9,2020,1502,135.18,4316.595176,256.1803059,0.144868746,-0.484201656,-54.56470446,-162.342
9,2021,2635.847059,237.2262353,4553.821412,196.0238118,0.260354016,-0.021191787,75.48915172,102.0462353
9,2022,2289,206.01,4759.831412,199.2896471,0.225026741,-0.16282783,-13.15884613,-31.21623529
9,2023,5419.658824,487.7692941,5247.600706,272.7415059,0.543892479,1.115586152,136.7697171,281.7592941
9,2024,6199.152941,557.9237647,5805.524471,324.8218588,0.623285981,1.433894928,14.38271565,70.15447059
10,2001,1067,96.03,96.03,96.03,0.140143813,-0.366339972,,
10,2002,0.425,0.03825,96.06825,48.034125,0,-0.879273475,-99.9601687,-95.99175
10,2003,130,11.7,107.76825,35.92275,0.017025652,-0.816958721,30488.23529,11.66175
10,2004,2014,181.26,289.02825,72.2570625,0.264575935,0.089087943,1449.230769,169.56
10,2005,6536,588.24,877.26825,175.45365,0.858749175,2.263792302,224.5283019,406.98
10,2006,5811.666667,523.05,1400.31825,260.85765,0.763574588,1.915448459,-11.08221134,-65.19
10,2007,326,29.34,1429.65825,266.718,0.042779291,-0.722699089,-94.39059363,-493.71
10,2008,726,65.34,1494.99825,277.446,0.095337737,-0.530332494,122.6993865,36
10,2009,1421,127.89,1622.88825,266.772,0.186658038,-0.196095535,95.73002755,62.55
10,2010,1075,96.75,1719.63825,168.474,0.141194982,-0.36249264,-24.34904996,-31.14
10,2011,1484,133.56,1853.19825,90.576,0.194935994,-0.165797796,38.04651163,36.81
10,2012,686,61.74,1914.93825,97.056,0.090081893,-0.549569154,-53.77358491,-71.82
10,2013,570,51.3,1966.23825,94.248,0.074839943,-0.605355466,-16.90962099,-10.44
10,2014,821,73.89,2040.12825,83.448,0.107820368,-0.484645428,44.03508772,22.59
10,2015,4223,380.07,2420.19825,140.112,0.554829957,1.151432465,414.3727162,306.18
10,2016,2274,204.66,2624.85825,154.332,0.298738926,0.214126229,-46.15202463,-175.41
10,2017,578,52.02,2676.87825,152.388,0.075891112,-0.601508134,-74.58223395,-152.64
10,2018,713,64.17,2741.04825,154.962,0.093629588,-0.536584408,23.35640138,12.15
10,2019,232,20.88,2761.92825,144.36,0.030428056,-0.767905239,-67.46143058,-43.29
10,2020,1417,127.53,2889.45825,93.852,0.186132454,-0.198019201,510.7758621,106.65
10,2021,1498,134.82,3024.27825,79.884,0.196775539,-0.159064965,5.716302047,7.29
10,2022,681,61.29,3085.56825,81.738,0.089424912,-0.551973736,-54.53938585,-73.53
10,2023,1995,179.55,3265.11825,104.814,0.262079409,0.079950529,192.9515419,118.26
10,2024,7611,684.99,3950.10825,237.636,1,2.780777526,281.5037594,505.44
11,2001,21428,1928.52,1928.52,1928.52,0.306815661,-0.127844186,,
11,2002,587,52.83,1981.35,990.675,0,-1.31525604,-97.26059362,-1875.69
11,2003,1437,129.33,2110.68,703.56,0.012513474,-1.266827458,144.8040886,76.5
11,2004,2783,250.47,2361.15,590.2875,0.032328928,-1.190139374,93.66736256,121.14
11,2005,6238.513725,561.4662353,2922.616235,584.5232471,0.083200082,-0.993262163,124.1650638,310.9962353
11,2006,14811.72157,1333.054941,4255.671176,465.4302353,0.209412569,-0.504805341,137.4238836,771.5887059
11,2007,5861,527.49,4783.161176,560.3622353,0.077642426,-1.014770933,-60.42998801,-805.5649412
11,2008,4634,417.06,5200.221176,617.9082353,0.059578858,-1.084679015,-20.93499403,-110.43
11,2009,14594,1313.46,6513.681176,830.5062353,0.20620733,-0.517209984,214.9331032,896.4
11,2010,24997.04314,2249.733882,8763.415059,1168.159765,0.359358165,0.075501342,71.28301451,936.2738824
11,2011,40480.03529,3643.203176,12406.61824,1630.189412,0.587294659,0.957641759,61.93929447,1393.469294
11,2012,33256.57255,2993.091529,15399.70976,2123.309718,0.480952761,0.546086397,-17.84450703,-650.1116471
11,2013,23243.05098,2091.874588,17491.58435,2458.272635,0.333536359,-0.024432015,-30.1099025,-901.2169412
11,2014,31754.76078,2857.928471,20349.51282,2767.166329,0.458843487,0.460520968,36.62044975,766.0538824
11,2015,33570.35686,3021.332118,23370.84494,2921.485976,0.48557221,0.563964196,5.717555521,163.4036471
11,2016,38359.74118,3452.376706,26823.22165,2883.320682,0.556080252,0.83683842,14.26670659,431.0445882
11,2017,22924.38824,2063.194941,28886.41659,2697.341365,0.32884509,-0.042587762,-40.23841785,-1389.181765
11,2018,31398.23529,2825.841176,31712.25776,2844.134682,0.453594814,0.440207999,36.96433236,762.6462353
11,2019,17029.38431,1532.644588,33244.90235,2579.077906,0.24206041,-0.378454445,-45.76324384,-1293.196588
11,2020,22651.41569,2038.627412,35283.52976,2382.536965,0.324826461,-0.058140319,33.01370895,505.9828235
11,2021,21446.98824,1930.228941,37213.75871,2078.107412,0.3070952,-0.126762335,-5.317228149,-108.3984706
11,2022,22523.98431,2027.158588,39240.91729,2070.900141,0.32295045,-0.065400696,5.021665824,96.92964706
11,2023,63600.96471,5724.086824,44965.00412,2650.549271,0.927674834,2.274952141,182.3699565,3696.928235
11,2024,68513.78039,6166.240235,51131.24435,3577.2684,1,2.554858843,7.724435799,442.1534118
12,2001,42994.94118,3869.544706,3869.544706,3869.544706,0.259792729,0.038263912,,
12,2002,1527,137.43,4006.974706,2003.487353,0,-1.17273626,-96.44841938,-3732.114706
12,2003,3574,321.66,4328.634706,1442.878235,0.012824261,-1.112957132,134.0537001,184.23
12,2004,8658.92549,779.3032941,5107.938,1276.9845,0.044680839,-0.964460596,142.2754754,457.6432941
12,2005,11634.56078,1047.110471,6155.048471,1231.009694,0.063322912,-0.877562266,34.3649486,267.8071765
12,2006,20294.80784,1826.532706,7981.581176,822.4072941,0.117578541,-0.624654588,74.43553065,779.4222353
12,2007,13628,1226.52,9208.101176,1040.225294,0.07581162,-0.819347289,-32.84981999,-600.0127059
12,2008,20080.72157,1807.264941,11015.36612,1337.346282,0.116237311,-0.630906611,47.34899889,580.7449412
12,2009,20330.86275,1829.777647,12845.14376,1547.441153,0.117804421,-0.623601667,1.245678227,22.51270588
12,2010,48904.4549,4401.400941,17246.54471,2218.299247,0.296815273,0.210841135,140.5429396,2571.623294
12,2011,46966.48235,4226.983412,21473.52812,2698.389388,0.284674059,0.154245967,-3.962773029,-174.4175294
12,2012,73924.44706,6653.200235,28126.72835,3783.725435,0.453563158,0.941507137,57.39830482,2426.216824
12,2013,47499.92157,4274.992941,32401.72129,4277.271035,0.288016005,0.169824145,-35.74531368,-2378.207294
12,2014,32186.52157,2896.786941,35298.50824,4490.672894,0.192079002,-0.277377464,-32.23879007,-1378.206
12,2015,47858.36078,4307.252471,39605.76071,4471.8432,0.290261593,0.180291748,48.69068931,1410.465529
12,2016,53988,4858.92,44464.68071,4598.230518,0.328663203,0.359297359,12.8078754,551.6675294
12,2017,67491.55294,6074.239765,50538.92047,4482.438424,0.413261684,0.753645486,25.01213777,1215.319765
12,2018,32191.17255,2897.205529,53436.126,4206.880941,0.19210814,-0.27724164,-52.30340517,-3177.034235
12,2019,24673.82353,2220.644118,55656.77012,4071.652376,0.14501266,-0.496772938,-23.35220629,-676.5614118
12,2020,52545.18824,4729.066941,60385.83706,4156.015271,0.319624123,0.317162514,112.9592447,2508.422824
12,2021,44342.43529,3990.819176,64376.65624,3982.395106,0.268234652,0.077615169,-15.61085461,-738.2477647
12,2022,30045.61569,2704.105412,67080.76165,3308.368235,0.17866643,-0.339898952,-32.24184579,-1286.713765
12,2023,93944.21176,8454.979059,75535.74071,4419.922941,0.57898509,1.526150064,212.6719477,5750.873647
12,2024,161146.3294,14503.16965,90038.91035,6876.428047,1,3.488672767,71.53406941,6048.190588
13,2001,12158.46667,1094.262,1094.262,1094.262,0.559431467,1.052229412,,
13,2002,2940.517647,264.6465882,1358.908588,679.4542941,0.052443546,-1.010225185,-75.81506182,-829.6154118
13,2003,11052.25882,994.7032941,2353.611882,784.5372941,0.498589949,0.804722787,275.8609929,730.0567059
13,2004,8385.333333,754.68,3108.291882,777.0729706,0.351908837,0.208016001,-24.13013966,-240.0232941
13,2005,12989.83529,1169.085176,4277.377059,855.4754118,0.605156807,1.238242596,54.91137654,414.4051765
13,2006,13394.40784,1205.496706,5482.873765,877.7223529,0.627408329,1.328763004,3.114531785,36.41152941
13,2007,9626.564706,866.3908235,6349.264588,998.0712,0.42017666,0.485733239,-28.12997171,-339.1058824
13,2008,5359.12549,482.3212941,6831.585882,895.5948,0.185467167,-0.469077815,-44.32982425,-384.0695294
13,2009,6515.498039,586.3948235,7417.980706,861.9377647,0.249067749,-0.210347172,21.57763522,104.0735294
13,2010,12867.55686,1158.080118,8576.060824,859.7367529,0.598431484,1.210883612,97.4915315,571.6852941
13,2011,20168.79216,1815.191294,10391.25212,981.6756706,1,2.8444863,56.7414263,657.1111765
13,2012,8877.643137,798.9878824,11190.24,968.1950824,0.378985915,0.318167035,-55.98326827,-1016.203412
13,2013,4306.682353,387.6014118,11577.84141,949.2511059,0.127582712,-0.704554946,-51.48844928,-411.3864706
13,2014,5873.635294,528.6271765,12106.46859,937.6975765,0.213765247,-0.353959679,36.3842237,141.0257647
13,2015,6732.952941,605.9657647,12712.43435,827.2747059,0.261027785,-0.161693088,14.63008178,77.33858824
13,2016,7089.701961,638.0731765,13350.50753,591.8510824,0.28064901,-0.081872875,5.298552102,32.10741176
13,2017,6070.701961,546.3631765,13896.87071,541.3261412,0.224603929,-0.309867327,-14.37295962,-91.71
13,2018,6021,541.89,14438.76071,572.1838588,0.221870318,-0.320987809,-0.818718512,-4.473176471
13,2019,3613,325.17,14763.93071,531.4924235,0.089430128,-0.859761744,-39.99335659,-216.72
13,2020,2783.776471,250.5398824,15014.47059,460.4072471,0.043822769,-1.045294977,-22.95110793,-74.63011765
13,2021,2660.666667,239.46,15253.93059,380.6846118,0.03705172,-1.072839974,-4.422402633,-11.07988235
13,2022,1987,178.83,15432.76059,307.1779765,0,-1.223568397,-25.3194688,-60.63
13,2023,3799,341.91,15774.67059,267.1819765,0.099660143,-0.818145485,91.19275289,163.08
13,2024,3660.886275,329.4797647,16104.15035,268.0439294,0.092063877,-0.84904751,-3.635528441,-12.43023529
14,2001,17623.03529,1586.073176,1586.073176,1586.073176,0.111149511,-1.073620347,,
14,2002,2051.752941,184.6577647,1770.730941,885.3654706,0,-1.55491732,-88.35755075,-1401.415412
14,2003,9295.05098,836.5545882,2607.285529,869.0951765,0.051703451,-1.331032264,353.0297383,651.8968235
14,2004,25943.43922,2334.909529,4942.195059,1235.548765,0.170541461,-0.816442734,179.1102413,1498.354941
14,2005,22565.89804,2030.930824,6973.125882,1394.625176,0.146432204,-0.920840067,-13.01886442,-303.9787059
14,2006,29392.32941,2645.309647,9618.435529,1606.472471,0.195160015,-0.709840056,30.25109553,614.3788235
14,2007,20605.38039,1854.484235,11472.91976,1940.437765,0.132437815,-0.981438237,-29.89538153,-790.8254118
14,2008,32161.57255,2894.541529,14367.46129,2352.035153,0.214927174,-0.624244771,56.08337209,1040.057294
14,2009,29779.2,2680.128,17047.58929,2421.078847,0.197921539,-0.697882168,-7.407512631,-214.4135294
14,2010,55701.51765,5013.136588,22060.72588,3017.52,0.382957868,0.103357751,87.04840173,2333.008588
14,2011,92568.07451,8331.126706,30391.85259,4154.683412,0.64611537,1.242876116,66.18591094,3317.990118
14,2012,62346.63922,5611.197529,36003.05012,4906.026071,0.43039147,0.308753609,-32.6477951,-2719.929176
14,2013,47321.2902,4258.916118,40261.96624,5178.900988,0.323138891,-0.155668963,-24.0996936,-1352.281412
14,2014,61240.77647,5511.669882,45773.63612,5745.209365,0.422497702,0.274572198,29.41484946,1252.753765
14,2015,73395.41569,6605.587412,52379.22353,6063.699529,0.509258841,0.650263225,19.84729769,1093.917529
14,2016,94004.44706,8460.400235,60839.62376,6089.554235,0.656368354,1.287273344,28.07945316,1854.812824
14,2017,68974.2902,6207.686118,67047.30988,6208.851953,0.477700366,0.513609463,-26.62656677,-2252.714118
14,2018,65469.84706,5892.286235,72939.59612,6535.525976,0.452685268,0.405289684,-5.080796232,-315.3998824
14,2019,48589.10588,4373.019529,77312.61565,6307.795906,0.332188698,-0.116481706,-25.7839936,-1519.266706
14,2020,49998.77255,4499.889529,81812.50518,5886.656329,0.342251052,-0.072909938,2.901199026,126.87
14,2021,52994.07843,4769.467059,86581.97224,5148.469694,0.363631872,0.019672781,5.990758832,269.5775294
14,2022,56621.92157,5095.972941,91677.94518,4926.127059,0.389527812,0.131806764,6.845751912,326.5058824
14,2023,95793.92157,8621.452941,100299.3981,5471.9604,0.669141818,1.342584695,69.18168602,3525.48
14,2024,142144.8784,12793.03906,113092.4372,7155.964306,1,2.775258942,48.3861148,4171.586118
15,2001,3059.172549,275.3255294,275.3255294,275.3255294,0.105532187,-0.650461212,,
15,2002,340,30.6,305.9255294,152.9627647,0,-1.108624818,-88.88588353,-244.7255294
15,2003,607,54.63,360.5555294,120.1851765,0.010362378,-1.063636984,78.52941176,24.03
15,2004,1536,138.24,498.7955294,124.6988824,0.046417244,-0.907106281,153.0477759,83.61
15,2005,2497.690196,224.7921176,723.5876471,144.7175294,0.08374083,-0.745067484,62.61003881,86.55211765
15,2006,5082.109804,457.3898824,1180.977529,181.1304,0.184043201,-0.309608908,103.4723847,232.5977647
15,2007,2767.454902,249.0709412,1430.048471,224.8245882,0.094210507,-0.699613815,-45.54515725,-208.3189412
15,2008,2735.305882,246.1775294,1676.226,263.1340941,0.092962791,-0.705030724,-1.161681789,-2.893411765
15,2009,4454.090196,400.8681176,2077.094118,315.6597176,0.159669506,-0.415426293,62.83700572,154.6905882
15,2010,9297.082353,836.7374118,2913.831529,438.0487765,0.347627992,0.400587664,108.7313445,435.8692941
15,2011,7769.25098,699.2325882,3613.064118,486.4173176,0.288332238,0.143157612,-16.43344992,-137.5048235
15,2012,3290.141176,296.1127059,3909.176824,495.8256706,0.114496173,-0.611544439,-57.65175839,-403.1198824
15,2013,5723.87451,515.1487059,4424.325529,549.6199059,0.208950349,-0.20147556,73.97048342,219.036
15,2014,6291.639216,566.2475294,4990.573059,582.6957882,0.230985527,-0.10581075,9.919237483,51.09882353
15,2015,7374.435294,663.6991765,5654.272235,548.0881412,0.273009281,0.076633632,17.21007898,97.45164706
15,2016,9820.45098,883.8405882,6538.112824,585.0097412,0.36794014,0.488772012,33.16885414,220.1414118
15,2017,5138.498039,462.4648235,7000.577647,618.2801647,0.186231651,-0.300107842,-47.67553904,-421.3757647
15,2018,4448.215686,400.3394118,7400.917059,595.3183059,0.159441514,-0.416416111,-13.43354318,-62.12541176
15,2019,4381.14902,394.3034118,7795.220471,560.9294824,0.156838629,-0.427716426,-1.507720655,-6.036
15,2020,11377.17255,1023.945529,8819.166,632.9787529,0.428357134,0.751069882,159.684674,629.6421176
15,2021,14981.95294,1348.375765,10167.54176,725.8857882,0.56826012,1.358452883,31.68432558,324.4302353
15,2022,9364.180392,842.7762353,11010.318,801.9480706,0.350232094,0.411893265,-37.49693095,-505.5995294
15,2023,17627.71373,1586.494235,12596.81224,1039.179035,0.670943167,1.804247065,88.24619974,743.718
15,2024,26106.28627,2349.565765,14946.378,1430.231506,1,3.23283363,48.09797051,763.0715294
16,2001,14509.24706,1305.832235,1305.832235,1305.832235,0.098686653,-0.303147189,,
16,2002,850,76.5,1382.332235,691.1661176,0,-0.756572096,-94.14166706,-1229.332235
16,2003,2378.780392,214.0902353,1596.422471,532.1408235,0.011045281,-0.705823537,179.8565167,137.5902353
16,2004,5222.533333,470.028,2066.450471,516.6126176,0.031591103,-0.611423867,119.5466782,255.9377647
16,2005,13008.17647,1170.735882,3237.186353,647.4372706,0.087841572,-0.352975908,149.0779022,700.7078824
16,2006,17225.24706,1550.272235,4787.458588,696.3252706,0.118309473,-0.212988336,32.41861454,379.5363529
16,2007,12066.27451,1085.964706,5873.423294,898.2182118,0.081036428,-0.384242772,-29.95006418,-464.3075294
16,2008,10256.12941,923.0516471,6796.474941,1040.010494,0.067958316,-0.44433136,-15.00169001,-162.9130588
16,2009,8265.972549,743.9375294,7540.412471,1094.7924,0.053579638,-0.51039552,-19.40456075,-179.1141176
16,2010,17480.30196,1573.227176,9113.639647,1175.290659,0.120152218,-0.204521672,111.4730222,829.2896471
16,2011,21782.5098,1960.425882,11074.06553,1257.321388,0.151235226,-0.06170793,24.61174786,387.1987059
16,2012,10779.97255,970.1975294,12044.26306,1234.167953,0.071743028,-0.426942149,-50.51087939,-990.2283529
16,2013,9369.87451,843.2887059,12887.55176,1218.215365,0.061555215,-0.473750994,-13.08072013,-126.9088235
16,2014,12475.94118,1122.834706,14010.38647,1293.9948,0.083996227,-0.370643701,33.14950124,279.546
16,2015,17527.45098,1577.470588,15587.85706,1294.843482,0.120492865,-0.202956539,40.49000979,454.6358824
16,2016,17422,1567.98,17155.83706,1216.354306,0.119730992,-0.206457032,-0.601633292,-9.490588235
16,2017,19385.81961,1744.723765,18900.56082,1371.259553,0.133919387,-0.141267149,11.27206755,176.7437647
16,2018,13828.12549,1244.531294,20145.09212,1451.508071,0.093765619,-0.325757328,-28.66886327,-500.1924706
16,2019,13530.25882,1217.723294,21362.81541,1470.485788,0.091613563,-0.335645148,-2.154063954,-26.808
16,2020,37856.00392,3407.040353,24769.85576,1836.399741,0.267364565,0.471859005,179.7877292,2189.317059
16,2021,39456.86667,3551.118,28320.97376,2233.027341,0.278930634,0.52500037,4.228821268,144.0776471
16,2022,25607.25098,2304.652588,30625.62635,2345.013106,0.178868587,0.06525609,-35.10064751,-1246.465412
16,2023,87849.47059,7906.452353,38532.07871,3677.397318,0.628562211,2.131414828,243.0648243,5601.799765
16,2024,139260.2784,12533.42506,51065.50376,5940.537671,1,3.838019934,58.52147713,4626.972706
17,2001,24697.11373,2222.740235,2222.740235,2222.740235,0.249397621,-0.886444324,,
17,2002,3705.435294,333.4891765,2556.229412,1278.114706,0,-1.849993584,-84.99648447,-1889.251059
17,2003,8521.658824,766.9492941,3323.178706,1107.726235,0.057220517,-1.628921761,129.9772671,433.4601176
17,2004,23443.27843,2109.895059,5433.073765,1358.268441,0.234501073,-0.943997229,175.1022884,1342.945765
17,2005,35949.82353,3235.484118,8668.557882,1733.711576,0.383088648,-0.369928208,53.3481063,1125.589059
17,2006,34156.61569,3074.095412,11742.65329,1903.982612,0.361783931,-0.452239115,-4.988085245,-161.3887059
17,2007,24628.61961,2216.575765,13959.22906,2280.599929,0.248583857,-0.889588306,-27.89502381,-857.5196471
17,2008,24713.91765,2224.252588,16183.48165,2572.060588,0.249597265,-0.885672999,0.346337069,7.676823529
17,2009,20450.7451,1840.567059,18024.04871,2518.194988,0.198947428,-1.081358959,-17.25008803,-383.6855294
17,2010,54681.49804,4921.334824,22945.38353,2855.365129,0.605635648,0.48988351,167.3814464,3080.767765
17,2011,87874.95686,7908.746118,30854.12965,3822.295271,1,2.013512637,60.70327261,2987.411294
17,2012,52794.16078,4751.474471,35605.60412,4329.275012,0.5832126,0.403251923,-39.92126691,-3157.271647
17,2013,51024.29804,4592.186824,40197.79094,4802.861859,0.562185241,0.322012591,-3.352383519,-159.2876471
17,2014,56511.63922,5086.047529,45283.83847,5451.957953,0.627379162,0.573889712,10.75436878,493.8607059
17,2015,67572.2549,6081.502941,51365.34141,5683.991576,0.758787961,1.081588422,19.57227898,995.4554118
17,2016,64410.0549,5796.904941,57162.24635,5261.623341,0.721218542,0.936438739,-4.679731355,-284.598
17,2017,63444.00392,5709.960353,62872.20671,5453.320518,0.709741098,0.892095562,-1.499844988,-86.94458824
17,2018,63283.52941,5695.517647,68567.72435,5673.986682,0.707834534,0.884729544,-0.252938812,-14.44270588
17,2019,42290.6,3806.154,72373.87835,5418.007976,0.458422051,-0.078877138,-33.17281701,-1889.363647
17,2020,51911.06275,4671.995647,77045.874,5136.106518,0.572720702,0.36271641,22.74846596,865.8416471
17,2021,37638.16863,3387.435176,80433.30918,4654.212565,0.403147514,-0.292430658,-27.4948987,-1284.560471
17,2022,26961.85098,2426.566588,82859.87576,3997.533812,0.276304478,-0.782489516,-28.36566718,-960.8685882
17,2023,57676.47059,5190.882353,88050.75812,3896.606753,0.641218273,0.627357204,113.9188093,2764.315765
17,2024,77874.2549,7008.682941,95059.44106,4537.112541,0.881183809,1.554465544,35.0191059,1817.800588
18,2001,137986.2431,12418.76188,12418.76188,12418.76188,0.188893932,-1.136944183,,
18,2002,43064.53333,3875.808,16294.56988,8147.284941,0,-1.969581095,-68.79070525,-8542.953882
18,2003,123959.4314,11156.34882,27450.91871,9150.306235,0.160980617,-1.259984963,187.8457556,7280.540824
18,2004,325226.6078,29270.39471,56721.31341,14180.32835,0.561501724,0.505496092,162.3653596,18114.04588
18,2005,209989.9647,18899.09682,75620.41024,15124.08205,0.332181133,-0.505339922,-35.43272302,-10371.29788
18,2006,210222.7255,18920.04529,94540.45553,16424.33873,0.332644326,-0.503298184,0.110843766,20.94847059
18,2007,223730.4706,20135.74235,114676.1979,19676.3256,0.3595247,-0.384810567,6.425444759,1215.697059
18,2008,411185.8078,37006.72271,151682.9206,24846.40038,0.732560287,1.259515409,83.78623473,16870.98035
18,2009,312953.9373,28165.85435,179848.7749,24625.49231,0.537079145,0.397842336,-23.88989812,-8840.868353
18,2010,275013.4471,24751.21024,204599.9852,25795.91499,0.461577677,0.065034882,-12.1233465,-3414.644118
18,2011,482081.5882,43387.34294,247987.3281,30689.37452,0.873642688,1.881401001,75.29382414,18636.13271
18,2012,268359.8667,24152.388,272139.7161,31492.70365,0.448337071,0.006670819,-44.33310186,-19234.95494
18,2013,231214.6824,20809.32141,292949.0375,28253.22339,0.37441826,-0.319160349,-13.84155715,-3343.066588
18,2014,264331.5451,23789.83906,316738.8766,27378.02033,0.440320723,-0.028664925,14.32299299,2980.517647
18,2015,276062.3412,24845.61071,341584.4873,27396.90042,0.463664974,0.074235601,4.437910002,1055.771647
18,2016,232235.0902,20901.15812,362485.6454,22899.66346,0.376448869,-0.310209507,-15.87585282,-3944.452588
18,2017,245878.2941,22129.04647,384614.6919,22494.99515,0.403598806,-0.190533669,5.874738357,1227.888353
18,2018,266687.9059,24001.91153,408616.6034,23133.51318,0.445009874,-0.007995333,8.463378941,1872.865059
18,2019,233733.2275,21035.99047,429652.5939,22582.74346,0.379430158,-0.297068105,-12.35702021,-2965.921059
18,2020,282487.2627,25423.85365,455076.4475,22698.39205,0.476450549,0.130593907,20.85883801,4387.863176
18,2021,173140.302,15582.62718,470659.0747,21634.68586,0.258850409,-0.828578825,-38.70863405,-9841.226471
18,2022,194196.0157,17477.64141,488136.7161,20704.40485,0.300751219,-0.643881726,12.16107023,1895.014235
18,2023,453066.1216,40775.95094,528912.6671,24059.21273,0.815901992,1.626882318,133.3035104,23298.30953
18,2024,545577.8157,49102.00341,578014.6705,29672.41532,1,2.438378987,20.41902709,8326.052471
19,2001,67266.11373,6053.950235,6053.950235,6053.950235,0.122300133,-1.051432542,,
19,2002,11407,1026.63,7080.580235,3540.290118,0,-1.571333165,-83.04198151,-5027.320235
19,2003,30506.75294,2745.607765,9826.188,3275.396,0.041817748,-1.393564977,167.4388791,1718.977765
19,2004,86311.53333,7768.038,17594.226,4398.5565,0.163998921,-0.874170053,182.9259918,5022.430235
19,2005,58423.45098,5258.110588,22852.33659,4570.467318,0.10293966,-1.133734346,-32.31095692,-2509.927412
19,2006,93970.92157,8457.382941,31309.71953,5051.153859,0.180768686,-0.802881404,60.84452389,3199.272353
19,2007,99557.4549,8960.170941,40269.89047,6637.862047,0.193000061,-0.750885553,5.944959611,502.788
19,2008,193009.498,17370.85482,57640.74529,9562.911459,0.397607626,0.118905825,93.86744893,8410.683882
19,2009,126249.698,11362.47282,69003.21812,10281.79842,0.251441104,-0.50245136,-34.58886774,-6008.382
19,2010,185438.2588,16689.44329,85692.66141,12568.06496,0.381030859,0.048437611,46.88214048,5326.970471
19,2011,253665.8431,22829.92588,108522.5873,15442.57355,0.530411006,0.683455986,36.79261483,6140.482588
19,2012,191101.3412,17199.12071,125721.708,17090.36351,0.393429833,0.101145931,-24.66414129,-5630.805176
19,2013,139013.1529,12511.18376,138232.8918,16118.42929,0.279385912,-0.383657349,-27.25684075,-4687.936941
19,2014,168421.5333,15157.938,153390.8298,16877.52233,0.343773773,-0.109943101,21.15510638,2646.754235
19,2015,215853.5804,19426.82224,172817.652,17424.99812,0.447623356,0.331523819,28.16269756,4268.884235
19,2016,267599.4275,24083.94847,196901.6005,17675.80264,0.560917741,0.813140808,23.97266099,4657.126235
19,2017,220941.2627,19884.71365,216786.3141,18212.92122,0.458762527,0.378876686,-17.43582382,-4199.234824
19,2018,212496.8392,19124.71553,235911.0296,19535.62758,0.440273975,0.300281436,-3.822021937,-759.9981176
19,2019,201511.698,18136.05282,254047.0825,20131.25054,0.416222676,0.198038822,-5.169555094,-988.6627059
19,2020,243353.6667,21901.83,275948.9125,20626.25209,0.507833122,0.587476895,20.76403952,3765.777176
19,2021,203502.4078,18315.21671,294264.1292,19472.50574,0.420581214,0.216567066,-16.37586126,-3586.613294
19,2022,174698.4471,15722.86024,309986.9894,18640.13506,0.357516694,-0.051521634,-14.15411301,-2592.356471
19,2023,413171.8627,37185.46765,347172.4571,22252.28548,0.879639736,2.168035199,136.5057444,21462.60741
19,2024,468144.9647,42133.04682,389305.5039,27051.68428,1,2.679689397,13.30514174,4947.579176
20,2001,20281.02353,1825.292118,1825.292118,1825.292118,0.091477538,-0.965657111,,
20,2002,3158,284.22,2109.512118,1054.756059,0,-1.364530031,-84.42879377,-1541.072118
20,2003,11866,1067.94,3177.452118,1059.150706,0.046521364,-1.161681195,275.7441419,783.72
20,2004,21487.71765,1933.894588,5111.346706,1277.836676,0.097924145,-0.93754773,81.0864457,865.9545882
20,2005,26342.97647,2370.867882,7482.214588,1496.442918,0.123862738,-0.824446719,22.59550737,436.9732941
20,2006,25347.67059,2281.290353,9763.504941,1587.642565,0.118545445,-0.84763191,-3.778259011,-89.57752941
20,2007,22773.1098,2049.579882,11813.08482,1940.714541,0.104791187,-0.907605113,-10.15699165,-231.7104706
20,2008,28040.00784,2523.600706,14336.68553,2231.846682,0.132928908,-0.784915158,23.12770669,474.0208235
20,2009,48985.61961,4408.705765,18745.39129,2726.808918,0.24482813,-0.296996812,74.69902249,1885.105059
20,2010,115040.4039,10353.63635,29099.02765,4323.362612,0.59771727,1.24171886,134.8452563,5944.930588
20,2011,96448.84314,8680.395882,37779.42353,5603.183718,0.498394261,0.808637044,-16.16089665,-1673.240471
20,2012,84592.07843,7613.287059,45392.71059,6715.925153,0.43505103,0.53243919,-12.29331977,-1067.108824
20,2013,86012.60392,7741.134353,53133.84494,7759.431882,0.442640003,0.565529675,1.679265383,127.8472941
20,2014,57823.49412,5204.114471,58337.95941,7918.513624,0.292043331,-0.09112261,-32.7732315,-2537.019882
20,2015,88533.1098,7967.979882,66305.93929,7441.382329,0.45610548,0.624243694,53.10923554,2763.865412
20,2016,61355.58431,5522.002588,71827.94188,6809.703671,0.310913066,-0.008844201,-30.69758371,-2445.977294
20,2017,57669.33725,5190.240353,77018.18224,6325.094329,0.291219768,-0.094713623,-6.008005791,-331.7622353
20,2018,39539.01176,3558.511059,80576.69329,5488.569671,0.194360849,-0.517051176,-31.43841485,-1631.729294
20,2019,58522.13725,5266.992353,85843.68565,5501.145247,0.295775741,-0.074848041,48.01112785,1708.481294
20,2020,89677.6549,8070.988941,93914.67459,5521.747059,0.462220064,0.650905343,53.23714941,2803.996588
20,2021,84107.55686,7569.680118,101484.3547,5931.282565,0.432462536,0.521152484,-6.211244089,-501.3088235
20,2022,45141.06667,4062.696,105547.0507,5705.773694,0.224289103,-0.386553896,-46.3293569,-3506.984118
20,2023,118560.2392,10670.42153,116217.4722,7128.155788,0.616521535,1.323711796,162.6438584,6607.725529
20,2024,190340.8196,17130.67376,133348.146,9500.892071,1,2.995807241,60.54355226,6460.252235
21,2001,25364.85098,2282.836588,2282.836588,2282.836588,0.117051935,-0.321677255,,
21,2002,754,67.86,2350.696588,1175.348294,0,-0.849470375,-97.0273825,-2214.976588
21,2003,2703,243.27,2593.966588,864.6555294,0.00926966,-0.807673007,258.4880637,175.41
21,2004,4431,398.79,2992.756588,748.1891471,0.01748822,-0.770615105,63.92896781,155.52
21,2005,21641.63137,1947.746824,4940.503412,988.1006824,0.09934389,-0.401523729,388.4141587,1548.956824
21,2006,12212.91765,1099.162588,6039.666,751.3658824,0.054499882,-0.603727637,-43.56748141,-848.5842353
21,2007,33777.05882,3039.935294,9079.601294,1345.780941,0.157061328,-0.14127287,176.5683009,1940.772706
21,2008,11149.69412,1003.472471,10083.07376,1497.821435,0.049443073,-0.626529046,-66.99033455,-2036.462824
21,2009,30345,2731.05,12814.12376,1964.273435,0.140738076,-0.214875243,172.1599326,1727.577529
21,2010,107038.3765,9633.453882,22447.57765,3501.414847,0.505500274,1.42985604,252.7381001,6902.403882
21,2011,59475.43529,5352.789176,27800.36682,4352.140165,0.279285655,0.409842828,-44.43540975,-4280.664706
21,2012,18403,1656.27,29456.63682,4075.407106,0.0839406,-0.470977945,-69.05781369,-3696.519176
21,2013,21364.54902,1922.809412,31379.44624,4259.274494,0.098026055,-0.407465912,16.09275129,266.5394118
21,2014,22868.74118,2058.186706,33437.63294,4124.701835,0.10518016,-0.375207691,7.040598683,135.3772941
21,2015,51228.1451,4610.533059,38048.166,3120.117671,0.240060628,0.232975192,124.0094665,2552.346353
21,2016,32408.54902,2916.769412,40964.93541,2632.913718,0.150552544,-0.170621309,-36.73682903,-1693.763647
21,2017,31184.56078,2806.610471,43771.54588,2862.981812,0.14473112,-0.196870404,-3.77674494,-110.1589412
21,2018,22261.72941,2003.555647,45775.10153,2879.131059,0.102293145,-0.388225389,-28.61297754,-803.0548235
21,2019,11220.02353,1009.802118,46784.90365,2669.454141,0.049777568,-0.625020793,-49.59949732,-993.7535294
21,2020,41639.95686,3747.596118,50532.49976,2496.866753,0.194458142,0.027351267,271.1218319,2737.794
21,2021,43293.72157,3896.434941,54428.93471,2692.799859,0.202323631,0.062817153,3.971581218,148.8388235
21,2022,30534.57647,2748.111882,57177.04659,2681.100141,0.141639722,-0.210809672,-29.47112107,-1148.323059
21,2023,122439.451,11019.55059,68196.59718,4484.299129,0.578749492,1.760140481,300.9862429,8271.438706
21,2024,211009.8235,18990.88412,87187.48129,8080.515529,1,3.659580422,72.33810005,7971.333529
22,2001,419906.9373,37791.62435,37791.62435,37791.62435,0.315603813,0.501149705,,
22,2002,49872.03529,4488.483176,42280.10753,21140.05376,0.008421554,-0.768332136,-88.12307422,-33303.14118
22,2003,149979.9255,13498.19329,55778.30082,18592.76694,0.09152552,-0.424891158,200.7295062,9009.710118
22,2004,135494.9176,12194.54259,67972.84341,16993.21085,0.079500877,-0.474584996,-9.657964421,-1303.650706
22,2005,232273.2039,20904.58835,88877.43176,17775.48635,0.159840792,-0.142566917,71.42576855,8710.045765
22,2006,201174.0941,18105.66847,106983.1002,13838.29518,0.134024052,-0.249258894,-13.38902175,-2798.919882
22,2007,111644.7412,10048.02671,117031.1269,14950.20388,0.059701796,-0.556407996,-44.50342045,-8057.641765
22,2008,68525.76863,6167.319176,123198.4461,13484.02906,0.023906839,-0.704336617,-38.62158853,-3880.707529
22,2009,142896.9882,12860.72894,136059.1751,13617.26633,0.085645662,-0.44919065,108.5302961,6693.409765
22,2010,499745.8863,44977.12976,181036.3048,18431.77461,0.381881639,0.775053857,249.724576,32116.40082
22,2011,150105.8706,13509.52835,194545.8332,17512.54659,0.091630072,-0.424459077,-69.96356054,-31467.60141
22,2012,748256.051,67343.04459,261888.8778,28971.55016,0.588180865,1.627619763,398.4855343,53833.51624
22,2013,225371.9333,20283.474,282172.3518,31794.78113,0.154111744,-0.166243164,-69.88037276,-47059.57059
22,2014,313072.4078,28176.51671,310348.8685,34857.93868,0.226915768,0.134631589,38.91366294,7893.042706
22,2015,116946.9294,10525.22365,320874.0921,27967.55746,0.064103376,-0.538217734,-62.64540519,-17651.29306
22,2016,65958.1098,5936.229882,326810.322,26452.89776,0.021775312,-0.713145505,-43.59996441,-4588.993765
22,2017,73265.85098,6593.926588,333404.2486,14303.07416,0.02784179,-0.688074776,11.07936719,657.6967059
22,2018,39727.3451,3575.461059,336979.7096,10961.47158,0,-0.80313561,-45.77645033,-3018.465529
22,2019,169971.7059,15297.45353,352277.1632,8385.658941,0.108121577,-0.356305189,327.8456198,11721.99247
22,2020,340697.8745,30662.80871,382939.9719,12413.17595,0.249848884,0.229406509,100.4438755,15365.35518
22,2021,203484.6118,18313.61506,401253.5869,14888.65299,0.135942115,-0.241332182,-40.27417633,-12349.19365
22,2022,58008.97647,5220.807882,406474.3948,14614.02925,0.015176387,-0.740416664,-71.49220476,-13092.80718
22,2023,1244337.608,111990.3847,518464.7795,36297.01398,1,3.32953092,2045.077682,106769.5768
22,2024,811183.9176,73006.55259,591471.3321,47838.83379,0.640420057,1.843506923,-34.80998143,-38983.83212
23,2001,101135.4,9102.186,9102.186,9102.186,0.117256368,-0.961372971,,
23,2002,22686.87843,2041.819059,11144.00506,5572.002529,0,-1.514755614,-77.56781658,-7060.366941
23,2003,55870.98824,5028.388941,16172.394,5390.798,0.04960002,-1.280672039,146.2700561,2986.569882
23,2004,163014.9255,14671.34329,30843.73729,7710.934324,0.209747193,-0.524869457,191.7702562,9642.954353
23,2005,105565.7098,9500.913882,40344.65118,8068.930235,0.123878317,-0.930121183,-35.24169061,-5170.429412
23,2006,150417.0667,13537.536,53882.18718,8956.000235,0.190917276,-0.61373584,42.48667199,4036.622118
23,2007,182583.6471,16432.52824,70314.71541,11834.14207,0.238996402,-0.386830005,21.38492733,2894.992235
23,2008,354711.298,31924.01682,102238.7322,17213.26765,0.496274205,0.827373303,94.27331185,15491.48859
23,2009,204907.0902,18441.63812,120680.3704,17967.32661,0.272363071,-0.229358511,-42.23271395,-13482.37871
23,2010,210513.8,18946.242,139626.6124,19856.39224,0.280743375,-0.189808296,2.736220498,504.6038824
23,2011,347357.349,31262.16141,170888.7738,23401.31732,0.485282317,0.775497911,65.0045503,12315.91941
23,2012,235100.5961,21159.05365,192047.8274,24346.6224,0.31749306,-0.016370914,-32.31736805,-10103.10776
23,2013,178029.3804,16022.64424,208070.4716,21166.34788,0.232189177,-0.418956196,-24.27523224,-5136.409412
23,2014,224949.302,20245.43718,228315.9088,21527.10769,0.302320003,-0.087979019,26.35515636,4222.792941
23,2015,391119.4941,35200.75447,263516.6633,24778.01019,0.55069324,1.084199861,73.87006348,14955.31729
23,2016,338880.9686,30499.28718,294015.9505,24625.43534,0.47261274,0.715704793,-13.3561549,-4701.467294
23,2017,338101.2275,30429.11047,324445.0609,26479.44671,0.471447267,0.710204431,-0.230092938,-70.17670588
23,2018,278174.298,25035.68682,349480.7478,28282.05522,0.381874972,0.287474698,-17.72455246,-5393.423647
23,2019,230800.7686,20772.06918,370252.8169,28387.38162,0.311066142,-0.046702268,-17.03016049,-4263.617647
23,2020,259903.9686,23391.35718,393644.1741,26025.50216,0.354566459,0.158594217,12.60966338,2619.288
23,2021,146811.651,13213.04859,406857.2227,22568.25445,0.18552829,-0.639168754,-43.51311688,-10178.30859
23,2022,103524.1725,9317.175529,416174.3982,18345.86746,0.120826847,-0.944522363,-29.48504301,-3895.873059
23,2023,382231.7255,34400.85529,450575.2535,20218.90115,0.537408765,1.021504773,269.2197832,25083.67976
23,2024,691721.0863,62254.89776,512830.1513,28515.46687,1,3.20466944,80.96904054,27854.04247
24,2001,25110,2259.9,2259.9,2259.9,0.467230576,1.048279467,,
24,2002,4390,395.1,2655,1327.5,0.05611006,-0.507016768,-82.51692553,-1864.8
24,2003,1562.117647,140.5905882,2795.590588,931.8635294,0,-0.719284855,-64.41645451,-254.5094118
24,2004,10387.41961,934.8677647,3730.458353,932.6145882,0.175109203,-0.056835101,564.9575739,794.2771765
24,2005,19756.04706,1778.044235,5508.502588,1101.700518,0.360998921,0.646398055,90.19205736,843.1764706
24,2006,8764.486275,788.8037647,6297.306353,807.4812706,0.142907409,-0.178656631,-55.63643755,-989.2404706
24,2007,2885,259.65,6556.956353,780.3912706,0.026248266,-0.61998592,-67.08306785,-529.1537647
24,2008,6200,558,7114.956353,863.8731529,0.09202358,-0.371153535,114.9046794,298.35
24,2009,30093.32157,2708.398941,9823.355294,1218.579388,0.566108266,1.422340339,385.3761543,2150.398941
24,2010,42751,3847.59,13670.94529,1632.488541,0.817258425,2.372458081,42.06142018,1139.191059
24,2011,7368.447059,663.1602353,14334.10553,1607.359835,0.115207584,-0.283446908,-82.7642697,-3184.429765
24,2012,7162,644.58,14978.68553,1684.345835,0.111111319,-0.298943353,-2.801771624,-18.58023529
24,2013,5992.439216,539.3195294,15518.00506,1680.609741,0.087905217,-0.386733579,-16.33008635,-105.2604706
24,2014,4882.572549,439.4315294,15957.43659,1226.816259,0.065883549,-0.470043012,-18.52111681,-99.888
24,2015,4670.431373,420.3388235,16377.77541,541.3660235,0.061674302,-0.485966871,-4.344864809,-19.09270588
24,2016,4845.266667,436.074,16813.84941,495.9487765,0.065143336,-0.472843287,3.743450662,15.73517647
24,2017,5748.368627,517.3531765,17331.20259,470.5034118,0.083062435,-0.405054142,18.63884948,81.27917647
24,2018,2857,257.13,17588.33259,414.0655059,0.025692698,-0.622087672,-50.29894245,-260.2231765
24,2019,2832,254.88,17843.21259,377.1552,0.025196655,-0.623964236,-0.875043752,-2.25
24,2020,2468.133333,222.132,18065.34459,337.5138353,0.017976913,-0.651276999,-12.84839925,-32.748
24,2021,3263.760784,293.7384706,18359.08306,309.0467294,0.033763533,-0.591555166,32.23599958,71.60647059
24,2022,3232.368627,290.9131765,18649.99624,263.7587294,0.033140659,-0.593911542,-0.961840004,-2.825294118
24,2023,8287,745.83,19395.82624,361.4987294,0.133433258,-0.214497973,156.3754619,454.9168235
24,2024,51960.96471,4676.486824,24072.31306,1245.820094,1,3.063781606,527.0177954,3930.656824
25,2001,238202.5137,21438.22623,21438.22623,21438.22623,0.175019472,-0.162271247,,
25,2002,69416.32549,6247.469294,27685.69553,13842.84776,0,-0.86912168,-70.85827332,-15190.75694
25,2003,138032.4039,12422.91635,40108.61188,13369.53729,0.071150074,-0.581768164,98.84717741,6175.447057
25,2004,230585.4588,20752.69129,60861.30317,15215.32579,0.167121119,-0.194170294,67.05168662,8329.774941
25,2005,192956.1647,17366.05482,78227.35799,15645.4716,0.128102173,-0.351755954,-16.31902302,-3386.636469
25,2006,176968.4471,15927.16024,94154.51823,14543.2584,0.111524028,-0.418710041,-8.285673394,-1438.894584
25,2007,140521.5059,12646.93553,106801.4538,15823.15165,0.073731099,-0.57134419,-20.5951636,-3280.224708
25,2008,133673.0745,12030.57671,118832.0305,15744.68372,0.066629755,-0.60002436,-4.873582414,-616.358826
25,2009,188712.3529,16984.11176,135816.1422,14990.96781,0.123701637,-0.369528381,41.17454364,4953.535056
25,2010,274303.3569,24687.30212,160503.4444,16455.21727,0.212453522,-0.011086503,45.35527361,7703.19036
25,2011,276822.6824,24914.04142,185417.4858,18252.59351,0.215065886,-0.000535958,0.918445012,226.739295
25,2012,300988.8039,27088.99235,212506.4781,21141.00487,0.240124464,0.100668019,8.729819858,2174.950935
25,2013,145450.5804,13090.55224,225597.0304,21352.99998,0.078842205,-0.550701989,-51.67575055,-13998.44012
25,2014,155825.3294,14024.27965,239621.31,20761.03355,0.089600094,-0.507254145,7.132834377,933.72741
25,2015,291841.0275,26265.69248,265887.0025,21076.71162,0.23063886,0.062358547,87.28728418,12241.41283
25,2016,210603.8745,18954.34871,284841.3512,19884.77308,0.146401614,-0.277850077,-27.83609751,-7311.34377
25,2017,213754.3647,19237.89282,304079.244,18314.55318,0.149668452,-0.264656311,1.495931738,283.544118
25,2018,229141.0745,20622.69671,324701.9407,19820.98207,0.165623394,-0.200219152,7.198313738,1384.803882
25,2019,299248.1059,26932.32953,351634.2702,22402.59205,0.238319482,0.093378245,30.59557591,6309.632826
25,2020,473267.8784,42594.10906,394228.3793,25668.27536,0.418765815,0.822146119,58.15233883,15661.77953
25,2021,168016.8667,15121.518,409349.8973,24901.70922,0.102241865,-0.456197874,-64.49856955,-27472.59105
25,2022,94272.57255,8484.53153,417834.4288,22751.03696,0.02577419,-0.765027565,-43.89100666,-6636.986474
25,2023,970409.5961,87336.86365,505171.2925,36093.87035,0.934267006,2.90409869,929.365774,78852.33212
25,2024,1033801.522,93042.13698,598213.4295,49315.83184,1,3.169574265,6.532491657,5705.273331
26,2001,23640.48627,2127.643765,2127.643765,2127.643765,1,2.815781143,,
26,2002,4529.352941,407.6417647,2535.285529,1267.642765,0.019839183,-1.048954387,-80.84069469,-1720.002
26,2003,12161.23137,1094.510824,3629.796353,1209.932118,0.411258575,0.494396874,168.4982056,686.8690588
26,2004,13535.60392,1218.204353,4848.000706,1212.000176,0.481746604,0.772328399,11.30126142,123.6935294
26,2005,12131.29412,1091.816471,5939.817176,1187.963435,0.409723171,0.488342834,-10.37493275,-126.3878824
26,2006,18274.19216,1644.677294,7584.494471,1091.370141,0.724776593,1.73058608,50.63679093,552.8608235
26,2007,14423.32157,1298.098941,8882.593412,1269.461576,0.527275357,0.951846477,-21.0727268,-346.5783529
26,2008,6464.741176,581.8267059,9464.420118,1166.924753,0.119100262,-0.657571859,-55.17855478,-716.2722353
26,2009,8138.6,732.474,10196.89412,1069.778682,0.204948171,-0.319076933,25.89212434,150.6472941
26,2010,7540.682353,678.6614118,10875.55553,987.1476706,0.174282514,-0.439990409,-7.346689198,-53.81258824
26,2011,14043.58039,1263.922235,12139.47776,910.9966588,0.507799409,0.875053584,86.23752778,585.2608235
26,2012,4142.529412,372.8276471,12512.30541,725.9424,0,-1.127179504,-70.50232707,-891.0945882
26,2013,5129.811765,461.6830588,12973.98847,701.9136706,0.05063517,-0.927527023,23.8328387,88.85541176
26,2014,5620.619608,505.8557647,13479.84424,656.5900235,0.07580744,-0.828273751,9.56775542,44.17270588
26,2015,5892.478431,530.3230588,14010.16729,626.9223529,0.089750379,-0.773297291,4.836812353,24.46729412
26,2016,6876.670588,618.9003529,14629.06765,497.9179765,0.14022706,-0.574269723,16.70251607,88.57729412
26,2017,8416.537255,757.4883529,15386.556,574.8501176,0.219202857,-0.262871266,22.39261932,138.588
26,2018,9435.87451,849.2287059,16235.78471,652.3592471,0.27148204,-0.056736505,12.1111239,91.74035294
26,2019,6895.631373,620.6068235,16856.39153,675.3094588,0.14119951,-0.570435391,-26.9211204,-228.6218824
26,2020,12906.12941,1161.551647,18017.94318,801.5551765,0.449462478,0.645033358,87.16385367,540.9448235
26,2021,5235.772549,471.2195294,18489.16271,772.0190118,0.056069625,-0.906099177,-59.43189176,-690.3321176
26,2022,4506.768627,405.6091765,18894.77188,701.6431765,0.018680891,-1.053521484,-13.9235216,-65.61035294
26,2023,8680.94902,781.2854118,19676.05729,688.0545176,0.232763855,-0.209400783,92.6202505,375.6762353
26,2024,14571.62353,1311.446118,20987.50341,826.2223765,0.534881382,0.981836737,67.85749457,530.1607059
27,2001,4063.592157,365.7232941,365.7232941,365.7232941,0.039039976,-0.22033739,,
27,2002,456,41.04,406.7632941,203.3816471,0,-0.400533153,-88.77840141,-324.6832941
27,2003,801,72.09,478.8532941,159.6177647,0.003733457,-0.383300734,75.65789474,31.05
27,2004,5534.360784,498.0924706,976.9457647,244.2364412,0.054956069,-0.14687391,590.9314337,426.0024706
27,2005,21455.8549,1931.026941,2907.972706,581.5945412,0.227252359,0.648389427,287.6844271,1432.934471
27,2006,2048.458824,184.3612941,3092.334,545.3221412,0.017232977,-0.320991364,-90.45268141,-1746.665647
27,2007,1444,129.96,3222.294,563.1061412,0.010691756,-0.351183502,-29.50798017,-54.40129412
27,2008,3662,329.58,3551.874,614.6041412,0.0346941,-0.240396532,153.601108,199.62
27,2009,40618.52549,3655.667294,7207.541294,1246.119106,0.434623416,1.605546415,1009.189664,3326.087294
27,2010,92863.64314,8357.727882,15565.26918,2531.459294,1,4.215139854,128.6238656,4702.060588
27,2011,1333,119.97,15685.23918,2518.581035,0.009490557,-0.356727845,-98.56456202,-8237.757882
27,2012,1364,122.76,15807.99918,2517.141035,0.009826027,-0.355179425,2.325581395,2.79
27,2013,1038,93.42,15901.41918,2469.909035,0.00629818,-0.371462812,-23.90029326,-29.34
27,2014,1436,129.24,16030.65918,1764.623576,0.010605183,-0.351583094,38.34296724,35.82
27,2015,1679,151.11,16181.76918,123.3,0.013234836,-0.339445477,16.92200557,21.87
27,2016,1374,123.66,16305.42918,124.038,0.009934243,-0.354679934,-18.16557475,-27.45
27,2017,2660,239.4,16544.82918,147.366,0.023850841,-0.29044547,93.59534207,115.74
27,2018,1460,131.4,16676.22918,154.962,0.010864902,-0.350384317,-45.11278195,-108
27,2019,952,85.68,16761.90918,146.25,0.005367521,-0.375758429,-34.79452055,-45.72
27,2020,1361,122.49,16884.39918,140.526,0.009793562,-0.355329272,42.96218487,36.81
27,2021,1473,132.57,17016.96918,142.308,0.011005583,-0.34973498,8.229243204,10.08
27,2022,1101,99.09,17116.05918,114.246,0.006979942,-0.368316022,-25.25458248,-33.48
27,2023,2949,265.41,17381.46918,141.048,0.026978288,-0.276010197,167.8474114,166.32
27,2024,10268.62745,924.1764706,18305.64565,308.7472941,0.106188483,0.089598162,248.2071024,658.7664706
28,2001,78964.81176,7106.833059,7106.833059,7106.833059,0.207751747,0.111930176,,
28,2002,9705.72549,873.5152941,7980.348353,3990.174176,0,-0.900532806,-87.70879678,-6233.317765
28,2003,29190.9098,2627.181882,10607.53024,3535.843412,0.058448375,-0.615688912,200.759689,1753.666588
28,2004,51598.77255,4643.889529,15251.41976,3812.854941,0.12566371,-0.288119884,76.76315297,2016.707647
28,2005,51443.21961,4629.889765,19881.30953,3976.261906,0.125197108,-0.290393833,-0.30146636,-13.99976471
28,2006,42669.69804,3840.272824,23721.58235,3322.949859,0.098879775,-0.418649435,-17.05476764,-789.6169412
28,2007,25770.18824,2319.316941,26040.89929,3612.110188,0.048187471,-0.665694682,-39.60541223,-1520.955882
28,2008,20870.31765,1878.328588,27919.22788,3462.339529,0.033489664,-0.737323372,-19.01371672,-440.9883529
28,2009,35661.23137,3209.510824,31128.73871,3175.463788,0.077856957,-0.521102607,70.87057311,1331.182235
28,2010,103510.3647,9315.932824,40444.67153,4112.6724,0.281379364,0.470748998,190.260209,6106.422
28,2011,45871.57647,4128.441882,44573.11341,4170.306212,0.108484231,-0.37184282,-55.68407415,-5187.490941
28,2012,82229.68235,7400.671412,51973.78482,5186.577106,0.217545156,0.159657641,79.26064173,3272.229529
28,2013,41432.31373,3728.908235,55702.69306,5556.693035,0.095168078,-0.43673812,-49.61391977,-3671.763176
28,2014,46165.04706,4154.854235,59857.54729,5745.761718,0.109364535,-0.367552724,11.42280724,425.946
28,2015,67653.45098,6088.810588,65946.35788,5100.337271,0.173821831,-0.053424793,46.5469122,1933.956353
28,2016,62397.96471,5615.816824,71562.17471,5397.812259,0.158057308,-0.130252045,-7.768245667,-472.9937647
28,2017,60796.07843,5471.647059,77033.82176,5012.007388,0.153252239,-0.153669197,-2.567209174,-144.1697647
28,2018,55227.3098,4970.457882,82004.27965,5260.317318,0.136547985,-0.235076163,-9.159749726,-501.1891765
28,2019,84911.13333,7642.002,89646.28165,5957.746871,0.225588521,0.198856395,53.74845097,2671.544118
28,2020,109551.6824,9859.651412,99505.93306,6711.915035,0.299501092,0.559063915,29.01922051,2217.649412
28,2021,49467.56471,4452.080824,103958.0139,6479.167835,0.119270871,-0.319274916,-54.84545409,-5407.570588
28,2022,28377.52157,2553.976941,106511.9908,5895.633812,0.05600851,-0.627579416,-42.6340841,-1898.103882
28,2023,184846.7882,16636.21094,123148.2018,8228.784424,0.525358674,1.659764365,551.3845397,14082.234
28,2024,343079.9922,30877.19929,154025.4011,12875.82388,1,3.972894238,85.60235503,14240.98835
29,2001,11854.18824,1066.876941,1066.876941,1066.876941,0.537311804,1.527768973,,
29,2002,1023,92.07,1158.946941,579.4734706,0,-0.837047896,-91.37013872,-974.8069412
29,2003,2765.019608,248.8517647,1407.798706,469.2662353,0.086417822,-0.456705752,170.2853967,156.7817647
29,2004,1500,135,1542.798706,385.6996765,0.023662938,-0.732902568,-45.75083678,-113.8517647
29,2005,3155.070588,283.9563529,1826.755059,365.3510118,0.105767407,-0.371544353,110.3380392,148.9563529
29,2006,1955,175.95,2002.705059,187.1656235,0.046234503,-0.633560589,-38.03625164,-108.0063529
29,2007,1478,133.02,2135.725059,195.3556235,0.022571565,-0.737705916,-24.39897698,-42.93
29,2008,1448.635294,130.3771765,2266.102235,171.6607059,0.021114846,-0.744117231,-1.986786596,-2.642823529
29,2009,1884.811765,169.6330588,2435.735294,178.5873176,0.042752616,-0.648885068,30.10947423,39.25588235
29,2010,6683.337255,601.5003529,3037.235647,242.0961176,0.280797079,0.398796292,254.5891096,431.8672941
29,2011,4272,384.48,3421.715647,283.8021176,0.161175857,-0.127680665,-36.07983801,-217.0203529
29,2012,2382,214.38,3636.095647,300.0741176,0.067417048,-0.540331962,-44.24157303,-170.1
29,2013,2464,221.76,3857.855647,318.3506824,0.071484891,-0.522428573,3.442485306,7.38
29,2014,4274.619608,384.7157647,4242.571412,361.3672235,0.161305811,-0.127108715,73.48293863,162.9557647
29,2015,5620.533333,505.848,4748.419412,342.2367529,0.228073677,0.166750039,31.48616366,121.1322353
29,2016,3792.564706,341.3308235,5089.750235,333.6069176,0.13739211,-0.2323577,-32.52304575,-164.5171765
29,2017,2742.827451,246.8544706,5336.604706,340.1018118,0.085316917,-0.461551054,-27.67882255,-94.47635294
29,2018,2969.980392,267.2982353,5603.902941,349.2094588,0.096585483,-0.41195584,8.281707298,20.44376471
29,2019,5979.670588,538.1703529,6142.073294,379.9003765,0.245889699,0.24516192,101.3370393,270.8721176
29,2020,10010.33333,900.93,7043.003294,458.9167765,0.445842153,1.12519272,67.40610015,362.7596471
29,2021,3987.52549,358.8772941,7401.880588,462.4260706,0.147063693,-0.189791128,-60.16590699,-542.0527059
29,2022,2478.976471,223.1078824,7624.988471,457.6767529,0.072227841,-0.5191587,-37.83170849,-135.7694118
29,2023,10659.88235,959.3894118,8584.377882,596.0949882,0.478064874,1.267011369,330.0114374,736.2815294
29,2024,21181.10588,1906.299529,10490.67741,869.7208235,1,3.564152397,98.69924621,946.9101176
30,2001,28.15686275,2.534117647,2.534117647,2.534117647,0.280409783,0.556649103,,
30,2003,10.74901961,0.967411765,3.501529412,1.750764706,0.100664075,-0.233915254,-61.82451252,-1.566705882
30,2005,13.05098039,1.174588235,4.676117647,1.558705882,0.124433107,-0.129373403,21.41554171,0.20717647
30,2006,4,0.36,5.036117647,1.259029412,0.030976676,-0.540417003,-69.35096153,-0.814588235
30,2007,1,0.09,5.126117647,1.025223529,0,-0.67665979,-75,-0.27
30,2008,3.11372549,0.280235294,5.406352941,0.574447059,0.021825397,-0.580666506,211.3725489,0.190235294
30,2009,4.203921569,0.378352941,5.784705882,0.456635294,0.033082281,-0.531156055,35.01259445,0.098117647
30,2010,26.23529412,2.361176471,8.145882353,0.693952941,0.260568513,0.469382481,524.0671646,1.98282353
30,2011,2,0.18,8.325882353,0.657952941,0.010325559,-0.631245528,-92.37668162,-2.181176471
30,2013,1,0.09,8.415882353,0.657952941,0,-0.67665979,-50,-0.09
30,2014,2.964705882,0.266823529,8.682705882,0.655270588,0.020286686,-0.587434122,196.4705878,0.176823529
30,2015,10.59215686,0.953294118,9.636,0.770258824,0.09904438,-0.24103906,257.275133,0.686470589
30,2016,9.341176471,0.840705882,10.47670588,0.466164706,0.086127308,-0.297851413,-11.81044065,-0.112588236
30,2017,5.992156863,0.539294118,11.016,0.538023529,0.051546809,-0.449944668,-35.85222495,-0.301411764
30,2018,9.003921569,0.810352941,11.82635294,0.682094118,0.082644963,-0.313167595,50.26177997,0.271058823
30,2019,29.32156863,2.638941176,14.46529412,1.156517647,0.292436022,0.609543362,225.6533101,1.828588235
30,2020,4.376470588,0.393882353,14.85917647,1.044635294,0.034863946,-0.523319869,-85.07422763,-2.245058823
30,2021,7.22745098,0.650470588,15.50964706,1.006588235,0.064301911,-0.393844697,65.14336909,0.256588235
30,2022,44.69019608,4.022117647,19.53176471,1.703152941,0.451125688,1.307498243,518.3396638,3.371647059
30,2023,19.02745098,1.712470588,21.24423529,1.88357647,0.186143505,0.142043601,-57.42365743,-2.309647059
30,2024,97.84705882,8.806235294,30.05047059,3.117035294,1,3.721577962,414.2415499,7.093764706
31,2001,18619.45882,1675.751294,1675.751294,1675.751294,0.053432851,-0.479410936,,
31,2002,2258,203.22,1878.971294,939.4856471,0.004904901,-0.666408538,-87.8729021,-1472.531294
31,2003,111906.3294,10071.56965,11950.54094,3983.513647,0.330120928,0.586778897,4855.993331,9868.349647
31,2004,2658,239.22,12189.76094,3047.440235,0.006091298,-0.661836877,-97.62479923,-9832.349647
31,2005,64284.45882,5785.601294,17975.36224,3595.072447,0.188874859,0.042501295,2318.52742,5546.381294
31,2006,337759.6549,30398.36894,48373.73118,9339.595976,1,3.168090908,425.4141687,24612.76765
31,2007,14790.07451,1331.106706,49704.83788,9565.173318,0.042074929,-0.523177552,-95.62112458,-29067.26224
31,2008,78763.6,7088.724,56793.56188,8968.604188,0.23181987,0.207985602,432.5436322,5757.617294
31,2009,58398.62353,5255.876118,62049.438,9971.935412,0.17141752,-0.024768812,-25.85582232,-1832.847882
31,2010,10468.18824,942.1369412,62991.57494,9003.242541,0.029256251,-0.572573048,-82.07459765,-4313.739176
31,2011,10669.41569,960.2474118,63951.82235,3115.618235,0.02985309,-0.570273188,1.922275818,18.11047059
31,2012,138629.1608,12476.62447,76428.44682,5344.721788,0.409380622,0.892198202,1199.313523,11516.37706
31,2013,291582.8745,26242.45871,102670.9055,9175.468729,0.863040056,2.640329461,110.3330013,13765.83424
31,2014,604.2862745,54.38576471,102725.2913,8135.170659,0,-0.685309083,-99.7927566,-26188.07294
31,2015,3983.380392,358.5042353,103083.7955,8018.444118,0.010022365,-0.646688903,559.1876334,304.1184706
31,2016,19024.27059,1712.184353,104795.9799,8168.831506,0.054633519,-0.474784281,377.5911089,1353.680118
31,2017,64463.10196,5801.679176,110597.6591,6833.842447,0.189404713,0.044543034,238.8466415,4089.494824
31,2018,93926.00392,8453.340353,119050.9994,3276.018776,0.276791433,0.381279022,45.70506393,2651.661176
31,2019,5817.541176,523.5787059,119574.5781,3369.857365,0.01546247,-0.625726,-93.80625074,-7929.761647
31,2020,21064.41961,1895.797765,121470.3759,3677.316071,0.060684584,-0.451467107,262.0845812,1372.219059
31,2021,6860.784314,617.4705882,122087.8465,3458.373318,0.018556721,-0.613802616,-67.42951175,-1278.327176
31,2022,65071.98039,5856.478235,127944.3247,3469.333129,0.191210641,0.051501999,848.4627036,5239.007647
31,2023,9051.219608,814.6097647,128758.9345,1941.587012,0.025053534,-0.588767798,-86.09045006,-5041.868471
31,2024,22924,2063.16,130822.0945,2249.503271,0.066200084,-0.43021368,153.2697359,1248.550235
32,2001,942477.4157,84822.96741,84822.96741,84822.96741,1,4.660317298,,
32,2002,32354.43529,2911.899176,87734.86659,43867.43329,0.033988846,-0.12137661,-96.56708641,-81911.06824
32,2003,43592.21569,3923.299412,91658.166,30552.722,0.045916708,-0.062334451,34.73335353,1011.400235
32,2004,48260.49804,4343.444824,96001.61082,24000.40271,0.050871657,-0.037807768,10.70898159,420.1454118
32,2005,91596.20784,8243.658706,104245.2695,20849.05391,0.096868494,0.18987366,89.79540528,3900.213882
32,2006,48005.30196,4320.477176,108565.7467,4748.555859,0.05060079,-0.039148542,-47.59029539,-3923.181529
32,2007,1536,138.24,108703.9867,4193.824024,0.001277934,-0.283293546,-96.80035343,-4182.237176
32,2008,10640,957.6,109661.5867,3600.684141,0.010940986,-0.235462052,592.7083333,819.36
32,2009,1597,143.73,109805.3167,2760.741176,0.00134268,-0.282973058,-84.9906015,-813.87
32,2010,1211,108.99,109914.3067,1133.807435,0.000932977,-0.285001063,-24.17031935,-34.74
32,2011,9750.772549,877.5695294,110791.8762,445.2259059,0.009997154,-0.240133963,705.1835301,768.5795294
32,2012,1603,144.27,110936.1462,446.4319059,0.001349049,-0.282941535,-83.56027697,-733.2995294
32,2013,728,65.52,111001.6662,268.0159059,0.000420317,-0.287538696,-54.58515284,-78.75
32,2014,3112,280.08,111281.7462,295.2859059,0.002950712,-0.275013402,327.4725275,214.56
32,2015,332,29.88,111311.6262,279.4639059,0,-0.28961924,-89.33161954,-250.2
32,2016,1188,106.92,111418.5462,125.334,0.000908565,-0.285121903,257.8313253,77.04
32,2017,573,51.57,111470.1162,106.794,0.000255799,-0.28835305,-51.76767677,-55.35
32,2018,3213.54902,289.2194118,111759.3356,151.5338824,0.003058497,-0.274479873,460.8287992,237.6494118
32,2019,4302.87451,387.2587059,112146.5944,172.9696235,0.004214715,-0.268756668,33.89789555,98.03929412
32,2020,13285.39216,1195.685294,113342.2796,406.1306824,0.013748825,-0.22156343,208.7562077,808.4265882
32,2021,7279,655.11,113997.3896,515.7686824,0.007373596,-0.253120406,-45.21049952,-540.5752941
32,2022,7042.827451,633.8544706,114631.2441,632.2255765,0.007122921,-0.254361232,-3.244574104,-21.25552941
32,2023,10922.26275,983.0036471,115614.2478,770.9824235,0.011240582,-0.233979073,55.08349198,349.1491765
32,2024,46356.45882,4172.081294,119786.3291,1527.946941,0.048850696,-0.047811397,324.4217513,3189.077647
33,2001,362216.9686,32599.52718,32599.52718,32599.52718,0.948320844,2.946478462,,
33,2002,28406.93333,2556.624,35156.15118,17578.07559,0.071185447,-0.256472032,-92.15748135,-30042.90318
33,2003,126547.2275,11389.25047,46545.40165,15515.13388,0.329063631,0.685196792,345.4800734,8832.626471
33,2004,381884.4235,34369.59812,80914.99976,20228.74994,1,3.135190238,201.7722563,22980.34765
33,2005,133407.251,12006.65259,92921.65235,18584.33047,0.347089361,0.751019606,-65.06606639,-22362.94553
33,2006,79257.96471,7133.216824,100054.8692,13491.0684,0.204804077,0.231450196,-40.58946262,-4873.435765
33,2007,10629.14118,956.6227059,101011.4919,13171.06814,0.02447166,-0.427052249,-86.58918228,-6176.594118
33,2008,15217,1369.53,102381.0219,11167.12405,0.03652694,-0.38303115,43.16302463,412.9072941
33,2009,7237,651.33,103032.3519,4423.470424,0.015558306,-0.459600283,-52.44134849,-718.2
33,2010,4335,390.15,103422.5019,2100.169906,0.00793287,-0.487445348,-40.09948874,-261.18
33,2011,7319.4,658.746,104081.2479,805.2757412,0.015774824,-0.458809644,68.84429066,268.596
33,2012,38834.05882,3495.065294,107576.3132,1312.964259,0.098584266,-0.156422414,430.5634181,2836.319294
33,2013,9910,891.9,108468.2132,1217.438259,0.02258201,-0.433952502,-74.48116344,-2603.165294
33,2014,4386,394.74,108862.9532,1166.120259,0.008066881,-0.486955997,-55.74167508,-497.16
33,2015,1316,118.44,108981.3932,1111.778259,0,-0.516413044,-69.99544004,-276.3
33,2016,1945,175.05,109156.4432,1015.039059,0.001652791,-0.510377708,47.79635258,56.61
33,2017,6329,569.61,109726.0532,429.948,0.013172401,-0.46831266,225.3984576,394.56
33,2018,3377,303.93,110029.9832,312.354,0.005415583,-0.496637482,-46.64243956,-265.68
33,2019,3635.294118,327.1764706,110357.1596,298.8412941,0.006094289,-0.494159117,7.648626522,23.24647059
33,2020,42006.12157,3780.550941,114137.7106,1031.263482,0.106919332,-0.125986061,1055.508198,3453.374471
33,2021,19256,1733.04,115870.7506,1342.861482,0.047140012,-0.344276422,-54.15906234,-2047.510941
33,2022,4189,377.01,116247.7606,1304.341482,0.007549234,-0.488846237,-78.24574159,-1356.03
33,2023,12325.36471,1109.282824,117357.0434,1465.412047,0.028928739,-0.410776765,194.2316712,732.2728235
33,2024,19304.8,1737.432,119094.4754,1747.463153,0.047268241,-0.34380818,56.62660263,628.1491765
34,2001,298265.3569,26843.88212,26843.88212,26843.88212,0.309466068,0.60894991,,
34,2002,26059.29804,2345.336824,29189.21894,14594.60947,0,-0.725739361,-91.26304901,-24498.54529
34,2003,35294,3176.46,32365.67894,10788.55965,0.010498763,-0.680459481,35.43726292,831.1231765
34,2004,37136,3342.24,35707.91894,8926.979735,0.012592899,-0.671427729,5.219017397,165.78
34,2005,66173.66667,5955.63,41663.54894,8332.709788,0.045605289,-0.529049333,78.19276892,2613.39
34,2006,114654.4039,10318.89635,51982.44529,5027.712635,0.100722149,-0.291337064,73.26288492,4363.266353
34,2007,154228.8039,13880.59235,65863.03765,7334.763741,0.145713557,-0.097294627,34.5162494,3561.696
34,2008,657295.4667,59156.592,125019.6296,18530.79014,0.717640805,2.369357585,326.1820425,45275.99965
34,2009,231970.8039,20877.37235,145897.002,22037.81661,0.234097009,0.283892382,-64.70829092,-38279.21965
34,2010,190053.5176,17104.81659,163001.8186,24267.65393,0.186442016,0.078362231,-18.07006984,-3772.555765
34,2011,100133.3647,9012.002824,172013.8214,24006.27522,0.084213446,-0.362537078,-47.31306953,-8092.813765
34,2012,231816.9686,20863.52718,192877.3486,25402.86219,0.233922116,0.283138092,131.5082184,11851.52435
34,2013,77749.58431,6997.462588,199874.8112,14971.03631,0.058765737,-0.472289931,-66.46078811,-13866.06459
34,2014,148001.5922,13320.14329,213194.9545,13459.59049,0.138633954,-0.127828086,90.35676327,6322.680706
34,2015,78097,7028.73,220223.6845,11444.37318,0.059160708,-0.470586471,-47.23232442,-6291.413294
34,2016,131229.3765,11810.64388,232034.3284,12004.10139,0.11956593,-0.210066139,68.03382521,4781.913882
34,2017,104486.6667,9403.8,241438.1284,9712.155953,0.089162635,-0.341191831,-20.37860007,-2406.843882
34,2018,185024.5608,16652.21047,258090.3388,11643.10553,0.180724687,0.053704093,77.07958985,7248.410471
34,2019,76777,6909.93,265000.2688,10361.06287,0.057660024,-0.477058737,-58.50442791,-9742.280471
34,2020,62931,5663.79,270664.0588,10088.07487,0.041918761,-0.544948877,-18.03404665,-1246.14
34,2021,51980,4678.2,275342.2588,8661.586094,0.02946877,-0.598644163,-17.40159858,-985.59
34,2022,26455,2380.95,277723.2088,7257.016094,0.000449866,-0.723799143,-49.10542516,-2297.25
34,2023,186250.5765,16762.55188,294485.7607,7279.084376,0.182118522,0.059715531,604.0278831,14381.60188
34,2024,905658.3451,81509.25106,375995.0118,22198.94859,1,3.587138227,386.2580091,64746.69918
35,2001,260576.4431,23451.87988,23451.87988,23451.87988,0.96351268,2.466167312,,
35,2002,30830.89412,2774.780471,26226.66035,13113.33018,0.061395768,-0.589719769,-88.16819596,-20677.09941
35,2003,15195,1367.55,27594.21035,9198.070118,0,-0.797695623,-50.71502,-1407.230471
35,2004,21139.16863,1902.525176,29496.73553,7374.183882,0.023340322,-0.718631161,39.11924072,534.9751765
35,2005,20832.15294,1874.893765,31371.62929,6274.325859,0.022134797,-0.722714833,-1.452354592,-27.63141176
35,2006,46631.45098,4196.830588,35568.45988,2423.316,0.1234381,-0.379553705,123.8436474,2321.936824
35,2007,51723.95686,4655.156118,40223.616,2799.391129,0.14343429,-0.311817364,10.92075364,458.3255294
35,2008,69835.95686,6285.236118,46508.85212,3782.928353,0.214552715,-0.070906378,35.01665591,1630.08
35,2009,93782.73725,8440.446353,54949.29847,5090.512588,0.308581938,0.247614077,34.29004408,2155.210235
35,2010,48171.5451,4335.439059,59284.73753,5582.621647,0.12948542,-0.359068635,-48.6349551,-4105.007294
35,2011,16827.02745,1514.432471,60799.17,5046.142024,0.006408305,-0.775987731,-65.06853285,-2821.006588
35,2012,35578,3202.02,64001.19,4755.5148,0.080035714,-0.526577655,111.4336599,1687.587529
35,2013,16571.18431,1491.406588,65492.59659,3796.748894,0.005403714,-0.779390747,-53.42294588,-1710.613412
35,2014,31491.1098,2834.199882,68326.79647,2675.4996,0.063988166,-0.58093812,90.03536022,1342.793294
35,2015,28286,2545.74,70872.53647,2317.559788,0.051403009,-0.623569865,-10.17782423,-288.4598824
35,2016,40439,3639.51,74512.04647,2742.575294,0.099122875,-0.461920615,42.96471753,1093.77
35,2017,79833.24706,7184.992235,81697.03871,3539.169741,0.253807989,0.062069386,97.41647187,3545.482235
35,2018,93394.43529,8405.499176,90102.53788,4921.988259,0.307057235,0.242449203,16.98689297,1220.506941
35,2019,117606,10584.54,100687.0779,6472.056282,0.402126158,0.564491602,25.92399068,2179.040824
35,2020,154984.7137,13948.62424,114635.7021,8752.633129,0.548897097,1.06167263,31.78299893,3364.084235
35,2021,20110,1809.9,116445.6021,8386.711129,0.019299197,-0.732320319,-87.0245268,-12138.72424
35,2022,35014.25882,3151.283294,119596.8854,7579.969341,0.077822133,-0.534076078,74.11366894,1341.383294
35,2023,205279.8745,18475.18871,138072.0741,9593.907247,0.746385646,1.730657656,486.2750817,15323.90541
35,2024,269868.8078,24288.19271,162360.2668,12334.63779,1,2.589766734,31.46384101,5813.004
